time;plant_1;tem_1;tem_2;plant_2;plant_3;tem_3
04-02-24 21:32;0;0;0;0;0;0
04-02-24 21:42;-0.1;-0.04;-0.04;-0.13;-0.08;-0.05
04-02-24 21:52;-0.18;-0.07;-0.08;-0.21;-0.13;-0.08
04-02-24 22:02;-0.2;-0.09;-0.1;-0.24;-0.15;-0.1
04-02-24 22:12;-0.22;-0.1;-0.13;-0.26;-0.18;-0.13
04-02-24 22:22;-0.25;-0.13;-0.18;-0.3;-0.23;-0.15
04-02-24 22:32;-0.29;-0.17;-0.23;-0.34;-0.28;-0.2
04-02-24 22:42;-0.3;-0.18;-0.27;-0.37;-0.32;-0.24
04-02-24 22:52;-0.37;-0.25;-0.31;-0.42;-0.38;-0.29
04-02-24 23:02;-0.44;-0.3;-0.37;-0.47;-0.45;-0.35
04-02-24 23:12;-0.49;-0.36;-0.42;-0.53;-0.5;-0.4
04-02-24 23:22;-0.55;-0.4;-0.47;-0.58;-0.54;-0.44
04-02-24 23:32;-0.6;-0.44;-0.52;-0.63;-0.57;-0.46
04-02-24 23:42;-0.63;-0.47;-0.56;-0.66;-0.6;-0.49
04-02-24 23:52;-0.66;-0.5;-0.6;-0.72;-0.63;-0.52
05-02-24 00:02;-0.69;-0.51;-0.63;-0.77;-0.65;-0.54
05-02-24 00:12;-0.72;-0.54;-0.66;-0.81;-0.68;-0.56
05-02-24 00:22;-0.75;-0.57;-0.7;-0.85;-0.71;-0.59
05-02-24 00:32;-0.78;-0.6;-0.72;-0.89;-0.74;-0.62
05-02-24 00:42;-0.81;-0.62;-0.76;-0.94;-0.78;-0.65
05-02-24 00:52;-0.84;-0.65;-0.8;-0.98;-0.81;-0.68
05-02-24 01:02;-0.87;-0.69;-0.83;-1.02;-0.85;-0.71
05-02-24 01:12;-0.91;-0.72;-0.86;-1.05;-0.9;-0.75
05-02-24 01:22;-0.95;-0.76;-0.91;-1.07;-0.94;-0.8
05-02-24 01:32;-1;-0.79;-0.95;-1.11;-0.99;-0.83
05-02-24 01:42;-1.05;-0.84;-0.99;-1.16;-1.03;-0.87
05-02-24 01:52;-1.1;-0.89;-1.05;-1.2;-1.08;-0.92
05-02-24 02:02;-1.14;-0.93;-1.09;-1.24;-1.12;-0.96
05-02-24 02:12;-1.2;-0.96;-1.12;-1.29;-1.17;-1
05-02-24 02:22;-1.24;-1;-1.16;-1.32;-1.2;-1.03
05-02-24 02:32;-1.29;-1.03;-1.2;-1.35;-1.24;-1.06
05-02-24 02:42;-1.32;-1.07;-1.23;-1.38;-1.27;-1.09
05-02-24 02:52;-1.34;-1.09;-1.27;-1.41;-1.3;-1.12
05-02-24 03:02;-1.38;-1.13;-1.31;-1.45;-1.32;-1.14
05-02-24 03:12;-1.42;-1.15;-1.34;-1.48;-1.35;-1.18
05-02-24 03:22;-1.46;-1.17;-1.39;-1.52;-1.39;-1.21
05-02-24 03:32;-1.5;-1.2;-1.43;-1.54;-1.42;-1.24
05-02-24 03:42;-1.53;-1.23;-1.45;-1.58;-1.45;-1.27
05-02-24 03:52;-1.56;-1.27;-1.49;-1.61;-1.48;-1.31
05-02-24 04:02;-1.6;-1.3;-1.53;-1.65;-1.52;-1.34
05-02-24 04:12;-1.64;-1.33;-1.56;-1.69;-1.55;-1.38
05-02-24 04:22;-1.68;-1.37;-1.61;-1.71;-1.59;-1.41
05-02-24 04:32;-1.72;-1.39;-1.65;-1.75;-1.62;-1.45
05-02-24 04:42;-1.75;-1.43;-1.69;-1.78;-1.66;-1.48
05-02-24 04:52;-1.79;-1.46;-1.73;-1.82;-1.69;-1.51
05-02-24 05:02;-1.83;-1.49;-1.75;-1.83;-1.72;-1.54
05-02-24 05:12;-1.85;-1.51;-1.79;-1.88;-1.75;-1.58
05-02-24 05:22;-1.89;-1.55;-1.83;-1.9;-1.79;-1.61
05-02-24 05:32;-1.92;-1.59;-1.87;-1.95;-1.84;-1.64
05-02-24 05:42;-1.96;-1.61;-1.9;-1.98;-1.87;-1.69
05-02-24 05:52;-2;-1.65;-1.94;-2;-1.92;-1.73
05-02-24 06:02;-2.05;-1.7;-1.99;-2.07;-1.97;-1.77
05-02-24 06:12;-2.21;-1.76;-2.07;-2.25;-2.09;-1.82
05-02-24 06:22;-2.46;-1.82;-2.13;-2.42;-2.19;-1.87
05-02-24 06:32;-2.59;-1.84;-2.18;-2.53;-2.25;-1.89
05-02-24 06:42;-2.73;-1.87;-2.23;-2.65;-2.31;-1.93
05-02-24 06:52;-2.83;-1.91;-2.26;-2.76;-2.37;-1.96
05-02-24 07:02;-2.94;-1.93;-2.29;-2.88;-2.42;-1.98
05-02-24 07:12;-3.05;-1.95;-2.31;-2.97;-2.47;-2
05-02-24 07:22;-3.13;-1.97;-2.34;-3.09;-2.54;-2.03
05-02-24 07:32;-3.26;-2;-2.36;-3.2;-2.6;-2.07
05-02-24 07:42;-3.37;-2.02;-2.39;-3.31;-2.67;-2.09
05-02-24 07:52;-3.49;-2.05;-2.41;-3.42;-2.74;-2.13
05-02-24 08:02;-3.61;-2.08;-2.46;-3.53;-2.8;-2.17
05-02-24 08:12;-3.72;-2.12;-2.49;-3.66;-2.89;-2.21
05-02-24 08:22;-3.85;-2.15;-2.53;-3.76;-2.96;-2.26
05-02-24 08:32;-3.97;-2.19;-2.58;-3.87;-3.01;-2.26
05-02-24 08:42;-4.07;-2.21;-2.61;-3.97;-3.1;-2.31
05-02-24 08:52;-4.18;-2.26;-2.67;-4.1;-3.19;-2.38
05-02-24 09:02;-4.31;-2.31;-2.74;-4.2;-3.28;-2.43
05-02-24 09:12;-4.41;-2.35;-2.79;-4.3;-3.35;-2.48
05-02-24 09:22;-4.54;-2.38;-2.84;-4.41;-3.43;-2.52
05-02-24 09:32;-4.65;-2.43;-2.88;-4.51;-3.49;-2.56
05-02-24 09:42;-4.76;-2.46;-2.9;-4.62;-3.56;-2.59
05-02-24 09:52;-4.86;-2.48;-2.94;-4.74;-3.63;-2.64
05-02-24 10:02;-4.98;-2.52;-2.99;-4.84;-3.68;-2.67
05-02-24 10:12;-5.09;-2.53;-3.02;-4.96;-3.75;-2.7
05-02-24 10:22;-5.22;-2.59;-3.05;-5.08;-3.83;-2.75
05-02-24 10:32;-5.33;-2.62;-3.07;-5.21;-3.91;-2.78
05-02-24 10:42;-5.49;-2.65;-3.1;-5.34;-3.98;-2.81
05-02-24 10:52;-5.62;-2.68;-3.12;-5.47;-4.05;-2.84
05-02-24 11:02;-5.75;-2.71;-3.13;-5.61;-4.13;-2.88
05-02-24 11:12;-5.89;-2.74;-3.14;-5.75;-4.2;-2.91
05-02-24 11:22;-6.03;-2.76;-3.15;-5.88;-4.28;-2.94
05-02-24 11:32;-6.18;-2.79;-3.16;-6.01;-4.35;-2.96
05-02-24 11:42;-6.34;-2.82;-3.17;-6.19;-4.46;-3.01
05-02-24 11:52;-6.48;-2.86;-3.18;-6.33;-4.55;-3.03
05-02-24 12:02;-6.65;-2.88;-3.21;-6.49;-4.64;-3.07
05-02-24 12:12;-6.77;-2.9;-3.21;-6.61;-4.72;-3.09
05-02-24 12:22;-6.92;-2.93;-3.24;-6.77;-4.8;-3.13
05-02-24 12:32;-7.06;-2.95;-3.27;-6.9;-4.87;-3.15
05-02-24 12:42;-7.19;-2.97;-3.3;-7.05;-4.96;-3.19
05-02-24 12:52;-7.33;-3;-3.33;-7.2;-5.05;-3.23
05-02-24 13:02;-7.48;-3.04;-3.38;-7.34;-5.14;-3.27
05-02-24 13:12;-7.64;-3.07;-3.43;-7.49;-5.24;-3.31
05-02-24 13:22;-7.78;-3.12;-3.48;-7.64;-5.33;-3.36
05-02-24 13:32;-7.91;-3.14;-3.53;-7.75;-5.39;-3.38
05-02-24 13:42;-8.05;-3.17;-3.57;-7.88;-5.46;-3.42
05-02-24 13:52;-8.18;-3.21;-3.61;-8.02;-5.55;-3.46
05-02-24 14:02;-8.33;-3.25;-3.67;-8.15;-5.64;-3.51
05-02-24 14:12;-8.46;-3.29;-3.7;-8.27;-5.72;-3.55
05-02-24 14:22;-8.58;-3.33;-3.74;-8.4;-5.79;-3.59
05-02-24 14:32;-8.72;-3.37;-3.8;-8.52;-5.87;-3.63
05-02-24 14:42;-8.86;-3.42;-3.85;-8.66;-5.96;-3.69
05-02-24 14:52;-9.01;-3.47;-3.9;-8.8;-6.05;-3.74
05-02-24 15:02;-9.16;-3.51;-3.95;-8.92;-6.13;-3.78
05-02-24 15:12;-9.28;-3.56;-4;-9.05;-6.22;-3.82
05-02-24 15:22;-9.42;-3.6;-4.05;-9.17;-6.3;-3.87
05-02-24 15:32;-9.54;-3.64;-4.1;-9.29;-6.38;-3.92
05-02-24 15:42;-9.68;-3.69;-4.17;-9.42;-6.47;-3.97
05-02-24 15:52;-9.81;-3.73;-4.22;-9.54;-6.54;-4.01
05-02-24 16:02;-9.93;-3.76;-4.28;-9.67;-6.63;-4.06
05-02-24 16:12;-10.07;-3.8;-4.33;-9.78;-6.7;-4.11
05-02-24 16:22;-10.17;-3.85;-4.38;-9.9;-6.78;-4.15
05-02-24 16:32;-10.28;-3.89;-4.44;-9.99;-6.86;-4.2
05-02-24 16:42;-10.41;-3.92;-4.51;-10.12;-6.93;-4.23
05-02-24 16:52;-10.52;-3.95;-4.56;-10.22;-7.02;-4.27
05-02-24 17:02;-10.63;-4.01;-4.63;-10.32;-7.09;-4.31
05-02-24 17:12;-10.75;-4.04;-4.72;-10.43;-7.17;-4.36
05-02-24 17:22;-10.86;-4.09;-4.79;-10.53;-7.25;-4.39
05-02-24 17:32;-10.99;-4.13;-4.86;-10.65;-7.33;-4.45
05-02-24 17:42;-11.11;-4.17;-4.93;-10.75;-7.41;-4.49
05-02-24 17:52;-11.22;-4.21;-4.99;-10.86;-7.5;-4.53
05-02-24 18:02;-11.35;-4.26;-5.05;-10.97;-7.58;-4.58
05-02-24 18:12;-11.47;-4.3;-5.1;-11.06;-7.62;-4.59
05-02-24 18:22;-11.58;-4.34;-5.13;-11.18;-7.71;-4.64
05-02-24 18:32;-11.67;-4.38;-5.17;-11.28;-7.78;-4.67
05-02-24 18:42;-11.79;-4.4;-5.21;-11.4;-7.84;-4.7
05-02-24 18:52;-11.89;-4.44;-5.25;-11.5;-7.9;-4.73
05-02-24 19:02;-11.97;-4.47;-5.29;-11.59;-7.96;-4.78
05-02-24 19:12;-12.08;-4.5;-5.33;-11.69;-8.02;-4.8
05-02-24 19:22;-12.17;-4.53;-5.37;-11.78;-8.08;-4.84
05-02-24 19:32;-12.27;-4.57;-5.42;-11.86;-8.14;-4.87
05-02-24 19:42;-12.35;-4.61;-5.47;-11.96;-8.2;-4.9
05-02-24 19:52;-12.44;-4.63;-5.51;-12.05;-8.25;-4.93
05-02-24 20:02;-12.53;-4.67;-5.56;-12.13;-8.31;-4.96
05-02-24 20:12;-12.6;-4.69;-5.61;-12.21;-8.37;-5.01
05-02-24 20:22;-12.68;-4.74;-5.65;-12.29;-8.42;-5.03
05-02-24 20:32;-12.77;-4.77;-5.72;-12.37;-8.48;-5.08
05-02-24 20:42;-12.85;-4.81;-5.77;-12.48;-8.54;-5.1
05-02-24 20:52;-12.98;-4.85;-5.83;-12.57;-8.61;-5.16
05-02-24 21:02;-13.08;-4.9;-5.88;-12.67;-8.68;-5.19
05-02-24 21:12;-13.18;-4.94;-5.92;-12.77;-8.75;-5.23
05-02-24 21:22;-13.27;-4.98;-5.96;-12.87;-8.81;-5.27
05-02-24 21:32;-13.4;-5.02;-5.99;-12.99;-8.87;-5.31
05-02-24 21:42;-13.47;-5.05;-6.02;-13.07;-8.91;-5.33
05-02-24 21:52;-13.55;-5.07;-6.03;-13.15;-8.95;-5.34
05-02-24 22:02;-13.6;-5.08;-6.05;-13.19;-8.97;-5.36
05-02-24 22:12;-13.59;-5.09;-6.05;-13.22;-8.98;-5.38
05-02-24 22:22;-13.62;-5.1;-6.1;-13.24;-9;-5.41
05-02-24 22:32;-13.64;-5.12;-6.13;-13.26;-9.05;-5.44
05-02-24 22:42;-13.67;-5.16;-6.2;-13.31;-9.08;-5.46
05-02-24 22:52;-13.7;-5.19;-6.24;-13.32;-9.13;-5.51
05-02-24 23:02;-13.74;-5.23;-6.29;-13.36;-9.19;-5.55
05-02-24 23:12;-13.78;-5.27;-6.35;-13.42;-9.24;-5.6
05-02-24 23:22;-13.84;-5.32;-6.41;-13.48;-9.31;-5.66
05-02-24 23:32;-13.91;-5.39;-6.49;-13.54;-9.38;-5.72
05-02-24 23:42;-13.97;-5.45;-6.53;-13.6;-9.43;-5.76
05-02-24 23:52;-14.02;-5.48;-6.57;-13.64;-9.46;-5.8
06-02-24 00:02;-14.08;-5.51;-6.62;-13.7;-9.5;-5.82
06-02-24 00:12;-14.12;-5.55;-6.66;-13.74;-9.53;-5.85
06-02-24 00:22;-14.14;-5.58;-6.7;-13.8;-9.56;-5.87
06-02-24 00:32;-14.19;-5.61;-6.72;-13.85;-9.58;-5.9
06-02-24 00:42;-14.22;-5.63;-6.74;-13.89;-9.61;-5.91
06-02-24 00:52;-14.25;-5.65;-6.78;-13.93;-9.63;-5.93
06-02-24 01:02;-14.28;-5.67;-6.8;-13.96;-9.64;-5.95
06-02-24 01:12;-14.3;-5.69;-6.81;-13.99;-9.67;-5.97
06-02-24 01:22;-14.32;-5.72;-6.86;-14.03;-9.7;-6
06-02-24 01:32;-14.35;-5.75;-6.88;-14.05;-9.72;-6.02
06-02-24 01:42;-14.38;-5.76;-6.91;-14.08;-9.76;-6.05
06-02-24 01:52;-14.4;-5.79;-6.94;-14.1;-9.79;-6.08
06-02-24 02:02;-14.45;-5.83;-6.98;-14.13;-9.85;-6.13
06-02-24 02:12;-14.47;-5.84;-7.01;-14.16;-9.89;-6.17
06-02-24 02:22;-14.51;-5.9;-7.06;-14.2;-9.93;-6.21
06-02-24 02:32;-14.54;-5.93;-7.11;-14.25;-9.99;-6.25
06-02-24 02:42;-14.63;-5.99;-7.15;-14.28;-10.02;-6.29
06-02-24 02:52;-14.68;-6.03;-7.2;-14.33;-10.07;-6.34
06-02-24 03:02;-14.72;-6.07;-7.23;-14.36;-10.1;-6.36
06-02-24 03:12;-14.75;-6.1;-7.27;-14.39;-10.13;-6.39
06-02-24 03:22;-14.8;-6.14;-7.32;-14.43;-10.16;-6.42
06-02-24 03:32;-14.83;-6.16;-7.35;-14.47;-10.19;-6.45
06-02-24 03:42;-14.87;-6.18;-7.37;-14.5;-10.22;-6.47
06-02-24 03:52;-14.9;-6.22;-7.4;-14.53;-10.23;-6.5
06-02-24 04:02;-14.94;-6.23;-7.45;-14.57;-10.26;-6.53
06-02-24 04:12;-14.97;-6.26;-7.48;-14.58;-10.29;-6.55
06-02-24 04:22;-15.02;-6.31;-7.51;-14.62;-10.31;-6.59
06-02-24 04:32;-15.05;-6.33;-7.54;-14.65;-10.35;-6.62
06-02-24 04:42;-15.08;-6.36;-7.58;-14.69;-10.38;-6.65
06-02-24 04:52;-15.11;-6.39;-7.61;-14.72;-10.41;-6.67
06-02-24 05:02;-15.14;-6.43;-7.65;-14.75;-10.43;-6.71
06-02-24 05:12;-15.2;-6.44;-7.68;-14.78;-10.47;-6.74
06-02-24 05:22;-15.23;-6.48;-7.72;-14.81;-10.5;-6.76
06-02-24 05:32;-15.26;-6.51;-7.76;-14.85;-10.53;-6.79
06-02-24 05:42;-15.3;-6.54;-7.8;-14.88;-10.57;-6.82
06-02-24 05:52;-15.34;-6.56;-7.82;-14.91;-10.59;-6.85
06-02-24 06:02;-15.38;-6.61;-7.85;-14.94;-10.63;-6.89
06-02-24 06:12;-15.46;-6.65;-7.91;-15.07;-10.73;-6.94
06-02-24 06:22;-15.66;-6.7;-7.96;-15.27;-10.83;-6.97
06-02-24 06:32;-15.89;-6.74;-8.01;-15.41;-10.9;-7
06-02-24 06:42;-16.01;-6.77;-8.04;-15.51;-10.95;-7.03
06-02-24 06:52;-16.11;-6.79;-8.07;-15.62;-11.01;-7.05
06-02-24 07:02;-16.22;-6.81;-8.08;-15.72;-11.06;-7.07
06-02-24 07:12;-16.32;-6.82;-8.1;-15.83;-11.13;-7.1
06-02-24 07:22;-16.42;-6.84;-8.12;-15.93;-11.18;-7.14
06-02-24 07:32;-16.51;-6.86;-8.14;-16.05;-11.25;-7.16
06-02-24 07:42;-16.61;-6.89;-8.17;-16.13;-11.31;-7.19
06-02-24 07:52;-16.72;-6.9;-8.19;-16.26;-11.37;-7.22
06-02-24 08:02;-16.83;-6.94;-8.23;-16.36;-11.43;-7.25
06-02-24 08:12;-16.93;-6.96;-8.25;-16.46;-11.51;-7.28
06-02-24 08:22;-17.04;-6.98;-8.29;-16.57;-11.58;-7.32
06-02-24 08:32;-17.16;-7.02;-8.32;-16.69;-11.65;-7.35
06-02-24 08:42;-17.3;-7.05;-8.37;-16.82;-11.73;-7.38
06-02-24 08:52;-17.42;-7.1;-8.42;-16.92;-11.8;-7.41
06-02-24 09:02;-17.56;-7.13;-8.49;-17.03;-11.9;-7.46
06-02-24 09:12;-17.69;-7.16;-8.53;-17.16;-12;-7.51
06-02-24 09:22;-17.85;-7.22;-8.6;-17.29;-12.1;-7.56
06-02-24 09:32;-17.99;-7.27;-8.66;-17.39;-12.19;-7.6
06-02-24 09:42;-18.11;-7.3;-8.69;-17.53;-12.29;-7.66
06-02-24 09:52;-18.26;-7.36;-8.74;-17.64;-12.38;-7.69
06-02-24 10:02;-18.39;-7.4;-8.8;-17.77;-12.47;-7.76
06-02-24 10:12;-18.52;-7.44;-8.84;-17.9;-12.54;-7.78
06-02-24 10:22;-18.65;-7.48;-8.88;-18.02;-12.62;-7.82
06-02-24 10:32;-18.78;-7.52;-8.92;-18.15;-12.7;-7.86
06-02-24 10:42;-18.91;-7.54;-8.96;-18.28;-12.79;-7.91
06-02-24 10:52;-19.05;-7.59;-9;-18.41;-12.87;-7.94
06-02-24 11:02;-19.18;-7.62;-9.02;-18.54;-12.95;-7.98
06-02-24 11:12;-19.29;-7.64;-9.05;-18.66;-13.01;-8.01
06-02-24 11:22;-19.42;-7.67;-9.07;-18.8;-13.09;-8.05
06-02-24 11:32;-19.56;-7.7;-9.1;-18.93;-13.16;-8.08
06-02-24 11:42;-19.69;-7.74;-9.13;-19.05;-13.24;-8.12
06-02-24 11:52;-19.81;-7.76;-9.15;-19.19;-13.33;-8.16
06-02-24 12:02;-19.96;-7.79;-9.18;-19.34;-13.42;-8.2
06-02-24 12:12;-20.14;-7.84;-9.22;-19.5;-13.52;-8.25
06-02-24 12:22;-20.27;-7.86;-9.24;-19.65;-13.6;-8.28
06-02-24 12:32;-20.4;-7.9;-9.26;-19.76;-13.66;-8.31
06-02-24 12:42;-20.5;-7.91;-9.27;-19.88;-13.74;-8.34
06-02-24 12:52;-20.63;-7.95;-9.31;-20.01;-13.81;-8.38
06-02-24 13:02;-20.76;-7.97;-9.35;-20.15;-13.89;-8.42
06-02-24 13:12;-20.93;-8.02;-9.4;-20.3;-14.01;-8.47
06-02-24 13:22;-21.08;-8.06;-9.45;-20.47;-14.1;-8.51
06-02-24 13:32;-21.25;-8.1;-9.5;-20.63;-14.21;-8.57
06-02-24 13:42;-21.44;-8.14;-9.54;-20.79;-14.32;-8.62
06-02-24 13:52;-21.59;-8.19;-9.58;-20.95;-14.41;-8.66
06-02-24 14:02;-21.76;-8.23;-9.6;-21.09;-14.5;-8.69
06-02-24 14:12;-21.88;-8.26;-9.63;-21.22;-14.59;-8.73
06-02-24 14:22;-22;-8.29;-9.66;-21.35;-14.65;-8.77
06-02-24 14:32;-22.13;-8.32;-9.7;-21.48;-14.75;-8.82
06-02-24 14:42;-22.25;-8.36;-9.75;-21.58;-14.82;-8.87
06-02-24 14:52;-22.38;-8.38;-9.8;-21.71;-14.89;-8.91
06-02-24 15:02;-22.5;-8.43;-9.84;-21.82;-14.98;-8.95
06-02-24 15:12;-22.62;-8.45;-9.88;-21.93;-15.05;-8.99
06-02-24 15:22;-22.73;-8.49;-9.94;-22.05;-15.12;-9.02
06-02-24 15:32;-22.85;-8.52;-9.98;-22.14;-15.19;-9.07
06-02-24 15:42;-22.97;-8.57;-10.03;-22.28;-15.28;-9.11
06-02-24 15:52;-23.09;-8.61;-10.1;-22.39;-15.37;-9.16
06-02-24 16:02;-23.23;-8.66;-10.15;-22.51;-15.47;-9.21
06-02-24 16:12;-23.36;-8.7;-10.21;-22.64;-15.55;-9.25
06-02-24 16:22;-23.48;-8.74;-10.26;-22.74;-15.61;-9.29
06-02-24 16:32;-23.6;-8.79;-10.33;-22.84;-15.69;-9.34
06-02-24 16:42;-23.7;-8.83;-10.38;-22.96;-15.77;-9.38
06-02-24 16:52;-23.81;-8.86;-10.46;-23.06;-15.85;-9.42
06-02-24 17:02;-23.94;-8.91;-10.51;-23.16;-15.92;-9.46
06-02-24 17:12;-24.03;-8.93;-10.59;-23.26;-15.99;-9.5
06-02-24 17:22;-24.17;-8.98;-10.65;-23.38;-16.07;-9.55
06-02-24 17:32;-24.29;-9.03;-10.7;-23.48;-16.16;-9.58
06-02-24 17:42;-24.41;-9.06;-10.76;-23.58;-16.23;-9.63
06-02-24 17:52;-24.54;-9.1;-10.78;-23.69;-16.3;-9.66
06-02-24 18:02;-24.64;-9.14;-10.83;-23.78;-16.37;-9.69
06-02-24 18:12;-24.75;-9.17;-10.89;-23.89;-16.44;-9.75
06-02-24 18:22;-24.85;-9.2;-10.93;-23.99;-16.51;-9.77
06-02-24 18:32;-24.97;-9.23;-10.96;-24.1;-16.58;-9.8
06-02-24 18:42;-25.06;-9.28;-11.02;-24.19;-16.65;-9.84
06-02-24 18:52;-25.17;-9.31;-11.06;-24.27;-16.71;-9.88
06-02-24 19:02;-25.27;-9.34;-11.1;-24.39;-16.79;-9.92
06-02-24 19:12;-25.38;-9.38;-11.16;-24.48;-16.85;-9.96
06-02-24 19:22;-25.49;-9.41;-11.21;-24.56;-16.92;-9.99
06-02-24 19:32;-25.57;-9.46;-11.26;-24.67;-16.99;-10.03
06-02-24 19:42;-25.68;-9.49;-11.32;-24.75;-17.05;-10.06
06-02-24 19:52;-25.77;-9.53;-11.35;-24.84;-17.11;-10.1
06-02-24 20:02;-25.89;-9.56;-11.41;-24.96;-17.17;-10.13
06-02-24 20:12;-25.98;-9.6;-11.44;-25.04;-17.23;-10.17
06-02-24 20:22;-26.07;-9.63;-11.47;-25.13;-17.29;-10.2
06-02-24 20:32;-26.18;-9.67;-11.51;-25.22;-17.35;-10.23
06-02-24 20:42;-26.26;-9.7;-11.54;-25.32;-17.41;-10.27
06-02-24 20:52;-26.33;-9.73;-11.59;-25.4;-17.46;-10.3
06-02-24 21:02;-26.43;-9.76;-11.63;-25.5;-17.52;-10.34
06-02-24 21:12;-26.53;-9.79;-11.66;-25.59;-17.57;-10.36
06-02-24 21:22;-26.61;-9.81;-11.71;-25.68;-17.63;-10.4
06-02-24 21:32;-26.72;-9.85;-11.74;-25.76;-17.69;-10.43
06-02-24 21:42;-26.8;-9.88;-11.79;-25.85;-17.76;-10.47
06-02-24 21:52;-26.89;-9.92;-11.83;-25.95;-17.82;-10.5
06-02-24 22:02;-26.94;-9.92;-11.86;-25.99;-17.87;-10.53
06-02-24 22:12;-26.96;-9.96;-11.9;-26.02;-17.91;-10.56
06-02-24 22:22;-26.99;-9.98;-11.94;-26.05;-17.95;-10.6
06-02-24 22:32;-27.04;-10.02;-12;-26.08;-18.01;-10.65
06-02-24 22:42;-27.1;-10.08;-12.06;-26.14;-18.1;-10.71
06-02-24 22:52;-27.16;-10.13;-12.12;-26.21;-18.14;-10.76
06-02-24 23:02;-27.21;-10.18;-12.16;-26.26;-18.19;-10.8
06-02-24 23:12;-27.26;-10.21;-12.2;-26.31;-18.22;-10.83
06-02-24 23:22;-27.29;-10.23;-12.22;-26.35;-18.24;-10.85
06-02-24 23:32;-27.33;-10.26;-12.24;-26.39;-18.27;-10.87
06-02-24 23:42;-27.35;-10.28;-12.27;-26.42;-18.29;-10.88
06-02-24 23:52;-27.38;-10.31;-12.3;-26.46;-18.32;-10.91
07-02-24 00:02;-27.41;-10.32;-12.33;-26.5;-18.34;-10.94
07-02-24 00:12;-27.44;-10.35;-12.36;-26.54;-18.39;-10.96
07-02-24 00:22;-27.46;-10.38;-12.4;-26.58;-18.42;-10.99
07-02-24 00:32;-27.5;-10.41;-12.45;-26.61;-18.44;-11.02
07-02-24 00:42;-27.54;-10.44;-12.49;-26.63;-18.5;-11.06
07-02-24 00:52;-27.58;-10.47;-12.52;-26.69;-18.55;-11.09
07-02-24 01:02;-27.61;-10.5;-12.57;-26.73;-18.58;-11.12
07-02-24 01:12;-27.67;-10.55;-12.61;-26.77;-18.63;-11.17
07-02-24 01:22;-27.72;-10.6;-12.68;-26.81;-18.69;-11.22
07-02-24 01:32;-27.8;-10.64;-12.72;-26.85;-18.74;-11.27
07-02-24 01:42;-27.84;-10.69;-12.75;-26.89;-18.79;-11.31
07-02-24 01:52;-27.89;-10.72;-12.81;-26.94;-18.83;-11.36
07-02-24 02:02;-27.94;-10.76;-12.85;-26.97;-18.85;-11.38
07-02-24 02:12;-27.96;-10.79;-12.89;-27.02;-18.88;-11.4
07-02-24 02:22;-28;-10.82;-12.91;-27.04;-18.91;-11.43
07-02-24 02:32;-28.03;-10.84;-12.95;-27.09;-18.94;-11.45
07-02-24 02:42;-28.06;-10.88;-12.99;-27.11;-18.96;-11.49
07-02-24 02:52;-28.1;-10.91;-13.04;-27.15;-18.99;-11.51
07-02-24 03:02;-28.13;-10.95;-13.06;-27.19;-19.02;-11.54
07-02-24 03:12;-28.17;-10.98;-13.1;-27.22;-19.05;-11.58
07-02-24 03:22;-28.2;-11;-13.12;-27.25;-19.08;-11.61
07-02-24 03:32;-28.25;-11.03;-13.17;-27.29;-19.11;-11.65
07-02-24 03:42;-28.28;-11.07;-13.21;-27.32;-19.15;-11.67
07-02-24 03:52;-28.32;-11.09;-13.24;-27.36;-19.18;-11.71
07-02-24 04:02;-28.35;-11.11;-13.27;-27.4;-19.21;-11.73
07-02-24 04:12;-28.39;-11.17;-13.31;-27.43;-19.23;-11.76
07-02-24 04:22;-28.43;-11.19;-13.34;-27.47;-19.27;-11.8
07-02-24 04:32;-28.46;-11.23;-13.37;-27.5;-19.29;-11.83
07-02-24 04:42;-28.49;-11.26;-13.42;-27.53;-19.32;-11.86
07-02-24 04:52;-28.53;-11.3;-13.46;-27.56;-19.37;-11.89
07-02-24 05:02;-28.57;-11.33;-13.5;-27.59;-19.41;-11.93
07-02-24 05:12;-28.62;-11.37;-13.53;-27.63;-19.44;-11.97
07-02-24 05:22;-28.65;-11.4;-13.57;-27.65;-19.48;-12
07-02-24 05:32;-28.68;-11.44;-13.62;-27.7;-19.52;-12.05
07-02-24 05:42;-28.74;-11.48;-13.66;-27.73;-19.55;-12.08
07-02-24 05:52;-28.78;-11.51;-13.7;-27.76;-19.59;-12.11
07-02-24 06:02;-28.83;-11.56;-13.74;-27.8;-19.64;-12.15
07-02-24 06:12;-28.95;-11.61;-13.81;-28.02;-19.75;-12.2
07-02-24 06:22;-29.23;-11.65;-13.86;-28.19;-19.85;-12.21
07-02-24 06:32;-29.43;-11.7;-13.9;-28.33;-19.93;-12.25
07-02-24 06:42;-29.55;-11.73;-13.93;-28.47;-20;-12.28
07-02-24 06:52;-29.69;-11.75;-13.96;-28.58;-20.07;-12.32
07-02-24 07:02;-29.79;-11.77;-13.99;-28.69;-20.14;-12.35
07-02-24 07:12;-29.9;-11.8;-14.01;-28.8;-20.2;-12.36
07-02-24 07:22;-30.01;-11.83;-14.03;-28.91;-20.27;-12.4
07-02-24 07:32;-30.11;-11.85;-14.06;-29;-20.34;-12.43
07-02-24 07:42;-30.22;-11.88;-14.08;-29.13;-20.4;-12.46
07-02-24 07:52;-30.35;-11.9;-14.12;-29.22;-20.48;-12.5
07-02-24 08:02;-30.45;-11.93;-14.14;-29.31;-20.53;-12.53
07-02-24 08:12;-30.56;-11.96;-14.19;-29.43;-20.6;-12.55
07-02-24 08:22;-30.67;-11.99;-14.22;-29.53;-20.68;-12.59
07-02-24 08:32;-30.78;-12.03;-14.27;-29.64;-20.75;-12.63
07-02-24 08:42;-30.92;-12.07;-14.32;-29.75;-20.84;-12.68
07-02-24 08:52;-31.01;-12.09;-14.35;-29.84;-20.91;-12.71
07-02-24 09:02;-31.15;-12.12;-14.41;-29.96;-20.99;-12.76
07-02-24 09:12;-31.3;-12.18;-14.46;-30.07;-21.06;-12.77
07-02-24 09:22;-31.41;-12.19;-14.49;-30.18;-21.14;-12.81
07-02-24 09:32;-31.56;-12.22;-14.53;-30.31;-21.24;-12.86
07-02-24 09:42;-31.71;-12.27;-14.56;-30.45;-21.33;-12.89
07-02-24 09:52;-31.84;-12.3;-14.61;-30.59;-21.42;-12.95
07-02-24 10:02;-31.95;-12.31;-14.62;-30.67;-21.47;-12.93
07-02-24 10:12;-32.09;-12.36;-14.67;-30.82;-21.56;-12.99
07-02-24 10:22;-32.23;-12.39;-14.72;-30.95;-21.66;-13.03
07-02-24 10:32;-32.37;-12.44;-14.76;-31.07;-21.74;-13.06
07-02-24 10:42;-32.49;-12.47;-14.79;-31.18;-21.8;-13.1
07-02-24 10:52;-32.62;-12.51;-14.81;-31.28;-21.87;-13.13
07-02-24 11:02;-32.73;-12.54;-14.84;-31.4;-21.94;-13.17
07-02-24 11:12;-32.85;-12.55;-14.88;-31.51;-22.01;-13.2
07-02-24 11:22;-32.98;-12.58;-14.92;-31.63;-22.1;-13.24
07-02-24 11:32;-33.11;-12.62;-14.94;-31.74;-22.16;-13.27
07-02-24 11:42;-33.22;-12.66;-14.98;-31.84;-22.24;-13.31
07-02-24 11:52;-33.33;-12.67;-15.02;-31.95;-22.31;-13.33
07-02-24 12:02;-33.46;-12.71;-15.05;-32.08;-22.38;-13.36
07-02-24 12:12;-33.61;-12.73;-15.08;-32.19;-22.45;-13.39
07-02-24 12:22;-33.71;-12.76;-15.1;-32.29;-22.52;-13.42
07-02-24 12:32;-33.82;-12.79;-15.14;-32.4;-22.6;-13.45
07-02-24 12:42;-33.95;-12.83;-15.17;-32.52;-22.69;-13.49
07-02-24 12:52;-34.1;-12.84;-15.21;-32.64;-22.77;-13.52
07-02-24 13:02;-34.22;-12.88;-15.23;-32.75;-22.84;-13.55
07-02-24 13:12;-34.33;-12.9;-15.26;-32.85;-22.91;-13.56
07-02-24 13:22;-34.45;-12.93;-15.28;-32.96;-22.98;-13.6
07-02-24 13:32;-34.56;-12.96;-15.32;-33.07;-23.04;-13.63
07-02-24 13:42;-34.68;-12.99;-15.36;-33.18;-23.11;-13.66
07-02-24 13:52;-34.81;-13.01;-15.4;-33.28;-23.19;-13.69
07-02-24 14:02;-34.92;-13.04;-15.43;-33.38;-23.27;-13.72
07-02-24 14:12;-35.04;-13.07;-15.48;-33.5;-23.35;-13.75
07-02-24 14:22;-35.18;-13.11;-15.52;-33.61;-23.43;-13.79
07-02-24 14:32;-35.32;-13.15;-15.55;-33.72;-23.51;-13.82
07-02-24 14:42;-35.43;-13.16;-15.58;-33.84;-23.58;-13.86
07-02-24 14:52;-35.55;-13.2;-15.6;-33.94;-23.66;-13.88
07-02-24 15:02;-35.65;-13.23;-15.64;-34.04;-23.71;-13.92
07-02-24 15:12;-35.76;-13.26;-15.65;-34.15;-23.78;-13.93
07-02-24 15:22;-35.87;-13.28;-15.7;-34.25;-23.86;-13.97
07-02-24 15:32;-36.01;-13.3;-15.74;-34.35;-23.93;-14
07-02-24 15:42;-36.14;-13.34;-15.77;-34.46;-23.99;-14.01
07-02-24 16:15;-66.65;-25.62;-30.1;-57.72;-39.74;-14.08
07-02-24 16:25;-66.77;-25.66;-30.13;-57.81;-39.83;-14.11
07-02-24 16:35;-66.9;-25.69;-30.17;-57.92;-39.9;-14.15
07-02-24 16:45;-67;-25.72;-30.22;-58.03;-39.99;-14.19
07-02-24 16:55;-67.14;-25.77;-30.26;-58.14;-40.08;-14.23
07-02-24 17:05;-67.25;-25.82;-30.31;-58.25;-40.16;-14.27
07-02-24 17:15;-67.36;-25.85;-30.37;-58.37;-40.24;-14.32
07-02-24 17:25;-67.51;-25.9;-30.41;-58.47;-40.31;-14.35
07-02-24 17:35;-67.6;-25.94;-30.45;-58.57;-40.38;-14.38
07-02-24 17:45;-67.71;-25.95;-30.49;-58.65;-40.45;-14.42
07-02-24 17:55;-67.83;-25.99;-30.54;-58.75;-40.51;-14.44
07-02-24 18:05;-67.93;-26.02;-30.57;-58.85;-40.58;-14.48
07-02-24 18:15;-68.04;-26.05;-30.61;-58.96;-40.65;-14.52
07-02-24 18:25;-68.14;-26.09;-30.65;-59.04;-40.71;-14.54
07-02-24 18:35;-68.25;-26.11;-30.7;-59.13;-40.79;-14.57
07-02-24 18:45;-68.35;-26.15;-30.75;-59.23;-40.84;-14.61
07-02-24 18:55;-68.43;-26.19;-30.79;-59.32;-40.91;-14.65
07-02-24 19:05;-68.55;-26.23;-30.85;-59.41;-40.99;-14.69
07-02-24 19:15;-68.65;-26.26;-30.9;-59.5;-41.05;-14.72
07-02-24 19:25;-68.75;-26.31;-30.95;-59.59;-41.12;-14.76
07-02-24 19:35;-68.86;-26.34;-31.01;-59.68;-41.2;-14.8
07-02-24 19:45;-68.98;-26.38;-31.06;-59.78;-41.27;-14.85
07-02-24 19:55;-69.09;-26.43;-31.1;-59.88;-41.35;-14.89
07-02-24 20:05;-69.19;-26.47;-31.14;-59.97;-41.42;-14.93
07-02-24 20:15;-69.28;-26.51;-31.18;-60.06;-41.47;-14.94
07-02-24 20:25;-69.37;-26.53;-31.21;-60.16;-41.52;-14.98
07-02-24 20:35;-69.47;-26.55;-31.24;-60.23;-41.56;-15
07-02-24 20:45;-69.54;-26.57;-31.26;-60.32;-41.61;-15.02
07-02-24 20:55;-69.66;-26.61;-31.3;-60.39;-41.67;-15.06
07-02-24 21:05;-69.73;-26.63;-31.33;-60.49;-41.74;-15.09
07-02-24 21:15;-69.83;-26.67;-31.37;-60.57;-41.78;-15.11
07-02-24 21:25;-69.91;-26.69;-31.41;-60.64;-41.84;-15.15
07-02-24 21:35;-70.01;-26.74;-31.46;-60.73;-41.91;-15.19
07-02-24 21:45;-70.1;-26.78;-31.51;-60.8;-41.98;-15.21
07-02-24 21:55;-70.19;-26.82;-31.57;-60.89;-42.04;-15.26
07-02-24 22:05;-70.3;-26.84;-31.61;-60.97;-42.1;-15.3
07-02-24 22:15;-70.32;-26.86;-31.64;-61.02;-42.14;-15.33
07-02-24 22:25;-70.36;-26.89;-31.69;-61.05;-42.2;-15.36
07-02-24 22:35;-70.41;-26.93;-31.74;-61.11;-42.25;-15.41
07-02-24 22:45;-70.46;-26.96;-31.79;-61.15;-42.31;-15.46
07-02-24 22:55;-70.5;-27.01;-31.83;-61.19;-42.36;-15.5
07-02-24 23:05;-70.54;-27.05;-31.89;-61.23;-42.4;-15.54
07-02-24 23:15;-70.59;-27.08;-31.93;-61.27;-42.45;-15.58
07-02-24 23:25;-70.65;-27.12;-31.97;-61.31;-42.5;-15.61
07-02-24 23:35;-70.67;-27.15;-32.01;-61.35;-42.54;-15.65
07-02-24 23:45;-70.71;-27.18;-32.04;-61.39;-42.58;-15.67
07-02-24 23:55;-70.75;-27.21;-32.08;-61.42;-42.61;-15.7
08-02-24 00:05;-70.78;-27.23;-32.1;-61.47;-42.65;-15.73
08-02-24 00:15;-70.83;-27.26;-32.13;-61.52;-42.69;-15.76
08-02-24 00:25;-70.87;-27.29;-32.16;-61.57;-42.72;-15.79
08-02-24 00:35;-70.9;-27.31;-32.18;-61.61;-42.76;-15.82
08-02-24 00:45;-70.92;-27.34;-32.2;-61.65;-42.8;-15.86
08-02-24 00:55;-70.96;-27.35;-32.24;-61.69;-42.84;-15.88
08-02-24 01:05;-71;-27.38;-32.26;-61.73;-42.87;-15.92
08-02-24 01:15;-71.04;-27.4;-32.3;-61.77;-42.91;-15.95
08-02-24 01:25;-71.07;-27.43;-32.33;-61.82;-42.94;-15.97
08-02-24 01:35;-71.1;-27.45;-32.36;-61.85;-42.98;-16.01
08-02-24 01:45;-71.14;-27.49;-32.39;-61.88;-43.01;-16.04
08-02-24 01:55;-71.17;-27.51;-32.43;-61.92;-43.06;-16.07
08-02-24 02:05;-71.22;-27.54;-32.47;-61.98;-43.1;-16.11
08-02-24 02:15;-71.26;-27.58;-32.51;-62;-43.14;-16.15
08-02-24 02:25;-71.31;-27.63;-32.56;-62.05;-43.19;-16.2
08-02-24 02:35;-71.36;-27.67;-32.6;-62.09;-43.24;-16.24
08-02-24 02:45;-71.4;-27.71;-32.65;-62.12;-43.29;-16.28
08-02-24 02:55;-71.43;-27.74;-32.69;-62.15;-43.32;-16.32
08-02-24 03:05;-71.47;-27.76;-32.71;-62.2;-43.36;-16.36
08-02-24 03:15;-71.5;-27.8;-32.75;-62.24;-43.39;-16.39
08-02-24 03:25;-71.54;-27.82;-32.79;-62.28;-43.44;-16.42
08-02-24 03:35;-71.57;-27.85;-32.82;-62.3;-43.46;-16.45
08-02-24 03:45;-71.6;-27.87;-32.84;-62.33;-43.49;-16.48
08-02-24 03:55;-71.63;-27.9;-32.88;-62.38;-43.53;-16.52
08-02-24 04:05;-71.65;-27.93;-32.91;-62.41;-43.57;-16.55
08-02-24 04:15;-71.69;-27.96;-32.94;-62.45;-43.6;-16.58
08-02-24 04:25;-71.72;-27.99;-32.98;-62.49;-43.64;-16.62
08-02-24 04:35;-71.75;-28.01;-33;-62.53;-43.67;-16.65
08-02-24 04:45;-71.78;-28.03;-33.03;-62.56;-43.71;-16.7
08-02-24 04:55;-71.81;-28.06;-33.06;-62.59;-43.74;-16.73
08-02-24 05:05;-71.85;-28.09;-33.09;-62.62;-43.78;-16.76
08-02-24 05:15;-71.88;-28.12;-33.13;-62.66;-43.81;-16.79
08-02-24 05:25;-71.91;-28.15;-33.16;-62.7;-43.84;-16.83
08-02-24 05:35;-71.94;-28.17;-33.19;-62.74;-43.88;-16.87
08-02-24 05:45;-71.98;-28.2;-33.22;-62.77;-43.92;-16.9
08-02-24 05:55;-72.01;-28.23;-33.26;-62.81;-43.96;-16.94
08-02-24 06:05;-72.04;-28.25;-33.29;-62.84;-44;-16.97
08-02-24 06:15;-72.09;-28.3;-33.32;-62.89;-44.05;-17.02
08-02-24 06:25;-72.3;-28.35;-33.38;-63.09;-44.19;-17.06
08-02-24 06:35;-72.59;-28.4;-33.44;-63.3;-44.29;-17.1
08-02-24 06:45;-72.78;-28.45;-33.49;-63.46;-44.37;-17.13
08-02-24 06:55;-72.94;-28.47;-33.52;-63.6;-44.45;-17.17
08-02-24 07:05;-73.08;-28.5;-33.55;-63.73;-44.51;-17.21
08-02-24 07:15;-73.2;-28.51;-33.56;-63.84;-44.59;-17.25
08-02-24 07:25;-73.32;-28.55;-33.6;-63.96;-44.65;-17.26
08-02-24 07:35;-73.47;-28.57;-33.62;-64.09;-44.74;-17.3
08-02-24 07:45;-73.6;-28.6;-33.66;-64.2;-44.8;-17.34
08-02-24 07:55;-73.76;-28.64;-33.68;-64.32;-44.9;-17.38
08-02-24 08:05;-73.9;-28.66;-33.72;-64.45;-44.98;-17.42
08-02-24 08:15;-74.04;-28.7;-33.77;-64.58;-45.06;-17.45
08-02-24 08:25;-74.19;-28.72;-33.82;-64.7;-45.15;-17.49
08-02-24 08:35;-74.32;-28.76;-33.86;-64.82;-45.23;-17.53
08-02-24 08:45;-74.49;-28.82;-33.91;-64.96;-45.33;-17.58
08-02-24 08:55;-74.62;-28.85;-33.94;-65.09;-45.4;-17.61
08-02-24 09:05;-74.79;-28.88;-34;-65.23;-45.52;-17.67
08-02-24 09:15;-74.96;-28.92;-34.05;-65.37;-45.61;-17.7
08-02-24 09:25;-75.12;-28.97;-34.09;-65.51;-45.69;-17.76
08-02-24 09:35;-75.27;-29;-34.13;-65.65;-45.78;-17.78
08-02-24 09:45;-75.42;-29.03;-34.15;-65.77;-45.87;-17.83
08-02-24 09:55;-75.58;-29.05;-34.18;-65.92;-45.92;-17.85
08-02-24 10:05;-75.71;-29.08;-34.19;-66.03;-45.99;-17.88
08-02-24 10:15;-75.84;-29.12;-34.23;-66.16;-46.08;-17.92
08-02-24 10:25;-75.95;-29.17;-34.26;-66.28;-46.15;-17.95
08-02-24 10:35;-76.09;-29.19;-34.3;-66.39;-46.22;-17.97
08-02-24 10:45;-76.22;-29.22;-34.34;-66.49;-46.28;-18.01
08-02-24 10:55;-76.31;-29.25;-34.37;-66.6;-46.37;-18.08
08-02-24 11:05;-76.45;-29.3;-34.44;-66.71;-46.43;-18.09
08-02-24 11:15;-76.57;-29.32;-34.46;-66.82;-46.5;-18.14
08-02-24 11:25;-76.7;-29.37;-34.5;-66.93;-46.6;-18.19
08-02-24 11:35;-76.83;-29.4;-34.56;-67.04;-46.68;-18.24
08-02-24 11:45;-76.96;-29.46;-34.61;-67.16;-46.75;-18.27
08-02-24 11:55;-77.07;-29.49;-34.65;-67.26;-46.83;-18.31
08-02-24 12:05;-77.25;-29.53;-34.71;-67.41;-46.92;-18.35
08-02-24 12:15;-77.36;-29.57;-34.73;-67.51;-46.99;-18.39
08-02-24 12:25;-77.5;-29.61;-34.76;-67.62;-47.06;-18.42
08-02-24 12:35;-77.61;-29.63;-34.78;-67.75;-47.14;-18.46
08-02-24 12:45;-77.74;-29.67;-34.79;-67.86;-47.21;-18.5
08-02-24 12:55;-77.84;-29.69;-34.81;-67.96;-47.26;-18.54
08-02-24 13:05;-77.97;-29.72;-34.84;-68.07;-47.33;-18.57
08-02-24 13:15;-78.06;-29.73;-34.85;-68.17;-47.4;-18.61
08-02-24 13:25;-78.18;-29.76;-34.88;-68.28;-47.47;-18.65
08-02-24 13:35;-78.31;-29.8;-34.91;-68.39;-47.54;-18.69
08-02-24 13:45;-78.42;-29.83;-34.94;-68.49;-47.61;-18.73
08-02-24 13:55;-78.54;-29.86;-34.98;-68.6;-47.67;-18.76
08-02-24 14:05;-78.66;-29.88;-35.01;-68.72;-47.75;-18.81
08-02-24 14:15;-78.79;-29.92;-35.04;-68.82;-47.83;-18.84
08-02-24 14:25;-78.92;-29.95;-35.09;-68.94;-47.9;-18.87
08-02-24 14:35;-79.02;-29.96;-35.11;-69.03;-47.96;-18.92
08-02-24 14:45;-79.14;-30;-35.13;-69.13;-48.03;-18.94
08-02-24 14:55;-79.25;-30.02;-35.17;-69.24;-48.09;-18.99
08-02-24 15:05;-79.37;-30.04;-35.2;-69.35;-48.17;-19.03
08-02-24 15:15;-79.49;-30.09;-35.25;-69.46;-48.24;-19.06
08-02-24 15:25;-79.62;-30.12;-35.29;-69.58;-48.32;-19.09
08-02-24 15:35;-79.74;-30.16;-35.33;-69.68;-48.39;-19.13
08-02-24 15:45;-79.87;-30.2;-35.38;-69.78;-48.46;-19.18
08-02-24 15:55;-80.01;-30.23;-35.42;-69.92;-48.54;-19.2
08-02-24 16:05;-80.14;-30.26;-35.46;-70;-48.61;-19.24
08-02-24 16:15;-80.24;-30.29;-35.51;-70.11;-48.67;-19.27
08-02-24 16:25;-80.36;-30.32;-35.53;-70.2;-48.74;-19.31
08-02-24 16:35;-80.48;-30.35;-35.59;-70.31;-48.81;-19.33
08-02-24 16:45;-80.6;-30.38;-35.63;-70.4;-48.88;-19.37
08-02-24 16:55;-80.71;-30.42;-35.68;-70.51;-48.95;-19.41
08-02-24 17:05;-80.84;-30.45;-35.73;-70.59;-49.01;-19.44
08-02-24 17:15;-80.95;-30.48;-35.77;-70.71;-49.08;-19.47
08-02-24 17:25;-81.08;-30.52;-35.83;-70.81;-49.15;-19.51
08-02-24 17:35;-81.21;-30.56;-35.87;-70.9;-49.22;-19.54
08-02-24 17:45;-81.33;-30.59;-35.92;-71;-49.29;-19.57
08-02-24 17:55;-81.45;-30.63;-35.97;-71.1;-49.35;-19.61
08-02-24 18:05;-81.57;-30.66;-36.02;-71.2;-49.42;-19.63
08-02-24 18:15;-81.67;-30.7;-36.05;-71.29;-49.48;-19.66
08-02-24 18:25;-81.81;-30.72;-36.09;-71.4;-49.55;-19.69
08-02-24 18:35;-81.93;-30.75;-36.13;-71.5;-49.61;-19.72
08-02-24 18:45;-82.05;-30.78;-36.17;-71.6;-49.68;-19.75
08-02-24 18:55;-82.17;-30.82;-36.22;-71.71;-49.74;-19.77
08-02-24 19:05;-82.3;-30.83;-36.24;-71.8;-49.81;-19.81
08-02-24 19:15;-82.43;-30.87;-36.26;-71.92;-49.88;-19.84
08-02-24 19:25;-82.55;-30.91;-36.3;-72.03;-49.94;-19.87
08-02-24 19:35;-82.66;-30.93;-36.32;-72.12;-50;-19.89
08-02-24 19:45;-82.79;-30.98;-36.34;-72.22;-50.05;-19.94
08-02-24 19:55;-82.9;-31;-36.38;-72.32;-50.11;-19.96
08-02-24 20:05;-83.02;-31.03;-36.42;-72.4;-50.17;-20
08-02-24 20:15;-83.12;-31.05;-36.45;-72.5;-50.23;-20.03
08-02-24 20:25;-83.24;-31.1;-36.48;-72.6;-50.28;-20.06
08-02-24 20:35;-83.34;-31.12;-36.52;-72.67;-50.34;-20.1
08-02-24 20:45;-83.44;-31.15;-36.56;-72.76;-50.39;-20.13
08-02-24 20:55;-83.55;-31.18;-36.62;-72.85;-50.45;-20.16
08-02-24 21:05;-83.66;-31.21;-36.66;-72.93;-50.5;-20.19
08-02-24 21:15;-83.76;-31.24;-36.7;-73.02;-50.56;-20.21
08-02-24 21:25;-83.86;-31.28;-36.74;-73.1;-50.61;-20.25
08-02-24 21:35;-83.95;-31.31;-36.78;-73.18;-50.66;-20.27
08-02-24 21:45;-84.05;-31.33;-36.83;-73.26;-50.71;-20.3
08-02-24 21:55;-84.16;-31.36;-36.88;-73.34;-50.78;-20.34
08-02-24 22:05;-84.26;-31.4;-36.92;-73.42;-50.84;-20.37
08-02-24 22:15;-84.27;-31.42;-36.96;-73.46;-50.87;-20.4
08-02-24 22:25;-84.33;-31.43;-36.99;-73.5;-50.9;-20.43
08-02-24 22:35;-84.36;-31.44;-37.04;-73.52;-50.96;-20.47
08-02-24 22:45;-84.42;-31.52;-37.09;-73.57;-51;-20.51
08-02-24 22:55;-84.47;-31.56;-37.14;-73.61;-51.05;-20.56
08-02-24 23:05;-84.52;-31.61;-37.2;-73.66;-51.1;-20.59
08-02-24 23:15;-84.57;-31.64;-37.24;-73.71;-51.14;-20.62
08-02-24 23:25;-84.61;-31.67;-37.28;-73.75;-51.17;-20.65
08-02-24 23:35;-84.65;-31.7;-37.31;-73.8;-51.19;-20.67
08-02-24 23:45;-84.7;-31.73;-37.34;-73.84;-51.21;-20.7
08-02-24 23:55;-84.72;-31.75;-37.37;-73.87;-51.24;-20.72
09-02-24 00:05;-84.76;-31.77;-37.39;-73.92;-51.27;-20.74
09-02-24 00:15;-84.78;-31.79;-37.4;-73.94;-51.28;-20.77
09-02-24 00:25;-84.81;-31.8;-37.42;-73.99;-51.3;-20.78
09-02-24 00:35;-84.84;-31.82;-37.44;-74.03;-51.33;-20.79
09-02-24 00:45;-84.88;-31.84;-37.46;-74.07;-51.36;-20.82
09-02-24 00:55;-84.9;-31.86;-37.49;-74.08;-51.38;-20.84
09-02-24 01:05;-84.94;-31.89;-37.53;-74.12;-51.42;-20.87
09-02-24 01:15;-84.97;-31.92;-37.57;-74.16;-51.45;-20.9
09-02-24 01:25;-85.01;-31.95;-37.61;-74.2;-51.48;-20.93
09-02-24 01:35;-85.05;-31.98;-37.65;-74.22;-51.52;-20.95
09-02-24 01:45;-85.11;-32.02;-37.69;-74.25;-51.57;-21
09-02-24 01:55;-85.15;-32.06;-37.73;-74.29;-51.63;-21.05
09-02-24 02:05;-85.18;-32.1;-37.78;-74.36;-51.66;-21.09
09-02-24 02:15;-85.25;-32.13;-37.83;-74.39;-51.7;-21.11
09-02-24 02:25;-85.29;-32.16;-37.86;-74.42;-51.72;-21.14
09-02-24 02:35;-85.32;-32.18;-37.88;-74.45;-51.74;-21.15
09-02-24 02:45;-85.34;-32.21;-37.9;-74.48;-51.76;-21.18
09-02-24 02:55;-85.38;-32.23;-37.93;-74.51;-51.79;-21.2
09-02-24 03:05;-85.4;-32.26;-37.97;-74.55;-51.8;-21.22
09-02-24 03:15;-85.43;-32.28;-37.99;-74.58;-51.84;-21.25
09-02-24 03:25;-85.46;-32.3;-38.01;-74.61;-51.87;-21.28
09-02-24 03:35;-85.49;-32.33;-38.04;-74.65;-51.89;-21.3
09-02-24 03:45;-85.5;-32.36;-38.05;-74.68;-51.92;-21.33
09-02-24 03:55;-85.55;-32.37;-38.08;-74.7;-51.94;-21.35
09-02-24 04:05;-85.58;-32.4;-38.11;-74.73;-51.97;-21.38
09-02-24 04:15;-85.61;-32.42;-38.15;-74.77;-52;-21.4
09-02-24 04:25;-85.64;-32.45;-38.16;-74.8;-52.02;-21.43
09-02-24 04:35;-85.67;-32.48;-38.2;-74.82;-52.05;-21.45
09-02-24 04:45;-85.7;-32.49;-38.23;-74.84;-52.07;-21.47
09-02-24 04:55;-85.72;-32.52;-38.25;-74.87;-52.1;-21.51
09-02-24 05:05;-85.73;-32.55;-38.28;-74.9;-52.13;-21.53
09-02-24 05:15;-85.79;-32.58;-38.31;-74.93;-52.15;-21.56
09-02-24 05:25;-85.82;-32.6;-38.35;-74.95;-52.2;-21.59
09-02-24 05:35;-85.85;-32.63;-38.37;-74.98;-52.24;-21.63
09-02-24 05:45;-85.9;-32.66;-38.41;-75.02;-52.28;-21.67
09-02-24 05:55;-85.93;-32.7;-38.45;-75.06;-52.31;-21.7
09-02-24 06:05;-85.97;-32.73;-38.48;-75.08;-52.33;-21.73
09-02-24 06:15;-86;-32.75;-38.51;-75.12;-52.39;-21.76
09-02-24 06:25;-86.21;-32.8;-38.56;-75.33;-52.51;-21.79
09-02-24 06:35;-86.52;-32.84;-38.61;-75.56;-52.64;-21.82
09-02-24 06:45;-86.73;-32.87;-38.62;-75.73;-52.7;-21.85
09-02-24 06:55;-86.89;-32.89;-38.64;-75.88;-52.77;-21.87
09-02-24 07:05;-87.03;-32.92;-38.66;-76.02;-52.85;-21.89
09-02-24 07:15;-87.18;-32.92;-38.66;-76.15;-52.93;-21.92
09-02-24 07:25;-87.33;-32.95;-38.67;-76.29;-52.99;-21.94
09-02-24 07:35;-87.47;-32.96;-38.68;-76.41;-53.07;-21.97
09-02-24 07:45;-87.63;-32.99;-38.69;-76.55;-53.14;-22
09-02-24 07:55;-87.77;-33.01;-38.71;-76.68;-53.22;-22.02
09-02-24 08:05;-87.92;-33.04;-38.73;-76.82;-53.29;-22.05
09-02-24 08:15;-88.08;-33.06;-38.75;-76.96;-53.38;-22.09
09-02-24 08:25;-88.24;-33.08;-38.78;-77.08;-53.45;-22.12
09-02-24 08:35;-88.39;-33.1;-38.81;-77.21;-53.52;-22.14
09-02-24 08:45;-88.54;-33.14;-38.84;-77.34;-53.6;-22.18
09-02-24 08:55;-88.71;-33.17;-38.87;-77.47;-53.67;-22.2
09-02-24 09:05;-88.86;-33.21;-38.92;-77.59;-53.76;-22.24
09-02-24 09:15;-89.03;-33.23;-38.95;-77.74;-53.85;-22.28
09-02-24 09:25;-89.21;-33.27;-38.99;-77.89;-53.92;-22.32
09-02-24 09:35;-89.35;-33.3;-39.02;-78.02;-54;-22.36
09-02-24 09:45;-89.54;-33.33;-39.05;-78.14;-54.09;-22.39
09-02-24 09:55;-89.72;-33.36;-39.09;-78.31;-54.16;-22.43
09-02-24 10:05;-89.92;-33.39;-39.12;-78.48;-54.27;-22.46
09-02-24 10:15;-90.12;-33.43;-39.15;-78.63;-54.37;-22.49
09-02-24 10:25;-90.3;-33.47;-39.18;-78.82;-54.46;-22.53
09-02-24 10:35;-90.51;-33.49;-39.2;-78.99;-54.56;-22.55
09-02-24 10:45;-90.69;-33.51;-39.22;-79.16;-54.65;-22.58
09-02-24 10:55;-90.9;-33.54;-39.24;-79.34;-54.77;-22.62
09-02-24 11:05;-91.13;-33.58;-39.26;-79.55;-54.89;-22.65
09-02-24 11:15;-91.36;-33.61;-39.28;-79.75;-54.99;-22.67
09-02-24 11:25;-91.64;-33.64;-39.3;-80.01;-55.16;-22.72
09-02-24 11:35;-91.91;-33.66;-39.35;-80.27;-55.32;-22.75
09-02-24 11:45;-92.18;-33.68;-39.39;-80.52;-55.45;-22.77
09-02-24 11:55;-92.43;-33.7;-39.45;-80.76;-55.59;-22.79
09-02-24 12:05;-92.7;-33.72;-39.52;-81.02;-55.76;-22.82
09-02-24 12:15;-92.99;-33.75;-39.63;-81.31;-55.97;-22.88
09-02-24 12:25;-93.34;-33.83;-39.78;-81.65;-56.14;-22.92
09-02-24 12:35;-93.67;-33.8;-39.84;-81.94;-56.33;-22.95
09-02-24 12:45;-93.94;-33.83;-39.94;-82.17;-56.44;-22.96
09-02-24 12:55;-94.16;-33.85;-40.01;-82.39;-56.56;-22.99
09-02-24 13:05;-94.39;-33.88;-40.09;-82.6;-56.7;-23.04
09-02-24 13:15;-94.74;-33.93;-40.17;-82.93;-56.9;-23.1
09-02-24 13:25;-95.03;-33.98;-40.26;-83.22;-57.06;-23.16
09-02-24 13:35;-95.28;-33.99;-40.34;-83.4;-57.16;-23.16
09-02-24 13:45;-95.54;-34.02;-40.37;-83.62;-57.26;-23.2
09-02-24 13:55;-95.78;-34.09;-40.43;-83.84;-57.36;-23.25
09-02-24 14:05;-96.13;-34.15;-40.49;-84.12;-57.51;-23.31
09-02-24 14:15;-96.46;-34.22;-40.53;-84.37;-57.64;-23.37
09-02-24 14:25;-96.78;-34.33;-40.58;-84.61;-57.78;-23.44
09-02-24 14:35;-97.06;-34.38;-40.65;-84.82;-57.89;-23.49
09-02-24 14:45;-97.29;-34.41;-40.69;-85.02;-58.02;-23.54
09-02-24 14:55;-97.51;-34.49;-40.74;-85.2;-58.13;-23.6
09-02-24 15:05;-97.74;-34.54;-40.79;-85.41;-58.25;-23.64
09-02-24 15:15;-97.99;-34.61;-40.85;-85.61;-58.37;-23.7
09-02-24 15:25;-98.24;-34.67;-40.88;-85.84;-58.49;-23.76
09-02-24 15:35;-98.47;-34.73;-40.93;-86.03;-58.61;-23.81
09-02-24 15:45;-98.71;-34.78;-40.97;-86.24;-58.73;-23.87
09-02-24 15:55;-98.95;-34.83;-41.04;-86.45;-58.86;-23.91
09-02-24 16:05;-99.15;-34.86;-41.08;-86.62;-58.96;-23.96
09-02-24 16:15;-99.33;-34.9;-41.13;-86.78;-59.05;-24.01
09-02-24 16:25;-99.52;-34.93;-41.17;-86.94;-59.15;-24.06
09-02-24 16:35;-99.7;-34.96;-41.22;-87.11;-59.25;-24.1
09-02-24 16:45;-99.86;-35;-41.26;-87.26;-59.34;-24.14
09-02-24 16:55;-100.03;-35.02;-41.29;-87.4;-59.41;-24.18
09-02-24 17:05;-100.17;-35.05;-41.33;-87.54;-59.49;-24.22
09-02-24 17:15;-100.32;-35.08;-41.36;-87.69;-59.58;-24.26
09-02-24 17:25;-100.49;-35.11;-41.38;-87.83;-59.66;-24.3
09-02-24 17:35;-100.64;-35.14;-41.4;-87.96;-59.74;-24.34
09-02-24 17:45;-100.78;-35.17;-41.43;-88.1;-59.8;-24.37
09-02-24 17:55;-100.92;-35.2;-41.44;-88.23;-59.87;-24.4
09-02-24 18:05;-101.06;-35.22;-41.46;-88.34;-59.95;-24.44
09-02-24 18:15;-101.19;-35.26;-41.46;-88.47;-60.01;-24.48
09-02-24 18:25;-101.34;-35.29;-41.47;-88.58;-60.08;-24.52
09-02-24 18:35;-101.46;-35.32;-41.49;-88.71;-60.16;-24.55
09-02-24 18:45;-101.59;-35.36;-41.5;-88.84;-60.22;-24.59
09-02-24 18:55;-101.73;-35.4;-41.53;-88.95;-60.28;-24.63
09-02-24 19:05;-101.85;-35.43;-41.55;-89.06;-60.35;-24.67
09-02-24 19:15;-101.97;-35.46;-41.57;-89.16;-60.42;-24.7
09-02-24 19:25;-102.1;-35.49;-41.6;-89.27;-60.48;-24.72
09-02-24 19:35;-102.22;-35.52;-41.62;-89.37;-60.54;-24.76
09-02-24 19:45;-102.33;-35.56;-41.64;-89.47;-60.61;-24.8
09-02-24 19:55;-102.46;-35.58;-41.68;-89.57;-60.67;-24.84
09-02-24 20:05;-102.56;-35.62;-41.71;-89.66;-60.72;-24.87
09-02-24 20:15;-102.68;-35.66;-41.75;-89.75;-60.78;-24.91
09-02-24 20:25;-102.79;-35.69;-41.78;-89.85;-60.83;-24.94
09-02-24 20:35;-102.9;-35.72;-41.83;-89.95;-60.89;-24.97
09-02-24 20:45;-103.01;-35.75;-41.87;-90.05;-60.94;-25
09-02-24 20:55;-103.11;-35.78;-41.9;-90.14;-60.99;-25.02
09-02-24 21:05;-103.22;-35.81;-41.94;-90.23;-61.04;-25.06
09-02-24 21:15;-103.32;-35.84;-41.98;-90.33;-61.09;-25.08
09-02-24 21:25;-103.43;-35.86;-42.02;-90.42;-61.13;-25.1
09-02-24 21:35;-103.55;-35.89;-42.04;-90.53;-61.2;-25.15
09-02-24 21:45;-103.65;-35.93;-42.11;-90.6;-61.27;-25.18
09-02-24 21:55;-103.77;-35.97;-42.15;-90.71;-61.32;-25.2
09-02-24 22:05;-103.92;-36;-42.18;-90.85;-61.38;-25.23
09-02-24 22:15;-103.94;-36.01;-42.2;-90.9;-61.4;-25.25
09-02-24 22:25;-103.95;-36.03;-42.21;-90.93;-61.42;-25.28
09-02-24 22:35;-103.99;-36.05;-42.24;-90.96;-61.46;-25.29
09-02-24 22:45;-104.03;-36.07;-42.28;-90.99;-61.49;-25.32
09-02-24 22:55;-104.05;-36.09;-42.31;-91.01;-61.51;-25.35
09-02-24 23:05;-104.08;-36.12;-42.35;-91.03;-61.54;-25.37
09-02-24 23:15;-104.1;-36.15;-42.39;-91.04;-61.57;-25.39
09-02-24 23:25;-104.13;-36.16;-42.43;-91.07;-61.59;-25.41
09-02-24 23:35;-104.16;-36.2;-42.49;-91.1;-61.62;-25.44
09-02-24 23:45;-104.18;-36.23;-42.54;-91.14;-61.67;-25.47
09-02-24 23:55;-104.24;-36.26;-42.59;-91.18;-61.71;-25.5
10-02-24 00:05;-104.28;-36.29;-42.65;-91.22;-61.76;-25.54
10-02-24 00:15;-104.33;-36.33;-42.7;-91.27;-61.8;-25.57
10-02-24 00:25;-104.37;-36.37;-42.75;-91.32;-61.83;-25.6
10-02-24 00:35;-104.41;-36.41;-42.78;-91.35;-61.85;-25.62
10-02-24 00:45;-104.46;-36.42;-42.81;-91.41;-61.89;-25.64
10-02-24 00:55;-104.49;-36.46;-42.84;-91.45;-61.92;-25.66
10-02-24 01:05;-104.54;-36.49;-42.86;-91.5;-61.94;-25.69
10-02-24 01:15;-104.57;-36.51;-42.9;-91.54;-61.97;-25.7
10-02-24 01:25;-104.61;-36.54;-42.91;-91.57;-61.99;-25.72
10-02-24 01:35;-104.63;-36.58;-42.95;-91.61;-62.02;-25.75
10-02-24 01:45;-104.67;-36.6;-42.98;-91.64;-62.05;-25.77
10-02-24 01:55;-104.71;-36.62;-43.01;-91.68;-62.06;-25.79
10-02-24 02:05;-104.74;-36.65;-43.03;-91.7;-62.09;-25.82
10-02-24 02:15;-104.76;-36.67;-43.05;-91.74;-62.12;-25.83
10-02-24 02:25;-104.8;-36.71;-43.08;-91.77;-62.14;-25.86
10-02-24 02:35;-104.83;-36.73;-43.1;-91.8;-62.16;-25.88
10-02-24 02:45;-104.86;-36.75;-43.13;-91.83;-62.18;-25.91
10-02-24 02:55;-104.89;-36.77;-43.15;-91.86;-62.21;-25.9
10-02-24 03:05;-104.92;-36.79;-43.18;-91.9;-62.24;-25.95
10-02-24 03:15;-104.94;-36.82;-43.2;-91.92;-62.26;-25.96
10-02-24 03:25;-104.97;-36.84;-43.21;-91.94;-62.28;-25.99
10-02-24 03:35;-104.99;-36.86;-43.24;-91.97;-62.32;-26.01
10-02-24 03:45;-105.02;-36.88;-43.27;-91.99;-62.33;-26.03
10-02-24 03:55;-105.03;-36.9;-43.29;-92.02;-62.36;-26.04
10-02-24 04:05;-105.06;-36.92;-43.31;-92.04;-62.38;-26.07
10-02-24 04:15;-105.09;-36.95;-43.34;-92.06;-62.41;-26.1
10-02-24 04:25;-105.11;-36.98;-43.38;-92.09;-62.43;-26.11
10-02-24 04:35;-105.15;-37;-43.41;-92.11;-62.46;-26.14
10-02-24 04:45;-105.17;-37.03;-43.45;-92.14;-62.5;-26.18
10-02-24 04:55;-105.21;-37.06;-43.47;-92.18;-62.53;-26.2
10-02-24 05:05;-105.24;-37.08;-43.52;-92.2;-62.56;-26.22
10-02-24 05:15;-105.28;-37.12;-43.56;-92.22;-62.6;-26.27
10-02-24 05:25;-105.31;-37.15;-43.59;-92.26;-62.64;-26.29
10-02-24 05:35;-105.34;-37.17;-43.62;-92.29;-62.65;-26.32
10-02-24 05:45;-105.38;-37.21;-43.64;-92.32;-62.68;-26.34
10-02-24 05:55;-105.41;-37.23;-43.67;-92.35;-62.71;-26.36
10-02-24 06:05;-105.43;-37.25;-43.69;-92.38;-62.73;-26.38
10-02-24 06:15;-105.45;-37.28;-43.71;-92.42;-62.77;-26.41
10-02-24 06:25;-105.67;-37.32;-43.75;-92.62;-62.89;-26.43
10-02-24 06:35;-105.93;-37.34;-43.76;-92.87;-62.97;-26.44
10-02-24 06:45;-106.16;-37.35;-43.76;-93.04;-63.05;-26.46
10-02-24 06:55;-106.31;-37.38;-43.76;-93.19;-63.13;-26.48
10-02-24 07:05;-106.44;-37.39;-43.75;-93.34;-63.2;-26.5
10-02-24 07:15;-106.58;-37.38;-43.76;-93.48;-63.26;-26.51
10-02-24 07:25;-106.72;-37.4;-43.75;-93.62;-63.31;-26.53
10-02-24 07:35;-106.85;-37.41;-43.75;-93.77;-63.38;-26.54
10-02-24 07:45;-106.97;-37.43;-43.76;-93.9;-63.44;-26.57
10-02-24 07:55;-107.1;-37.44;-43.78;-94.04;-63.5;-26.59
10-02-24 08:05;-107.22;-37.47;-43.79;-94.16;-63.58;-26.6
10-02-24 08:15;-107.38;-37.48;-43.81;-94.31;-63.64;-26.63
10-02-24 08:25;-107.5;-37.52;-43.84;-94.45;-63.72;-26.66
10-02-24 08:35;-107.65;-37.53;-43.86;-94.58;-63.78;-26.69
10-02-24 08:45;-107.78;-37.56;-43.9;-94.72;-63.85;-26.71
10-02-24 08:55;-107.93;-37.58;-43.92;-94.85;-63.94;-26.74
10-02-24 09:05;-108.09;-37.61;-43.96;-95.02;-64.02;-26.77
10-02-24 09:15;-108.24;-37.64;-43.98;-95.15;-64.11;-26.81
10-02-24 09:25;-108.41;-37.65;-44.01;-95.32;-64.19;-26.84
10-02-24 09:35;-108.58;-37.67;-44.04;-95.48;-64.27;-26.87
10-02-24 09:45;-108.74;-37.71;-44.06;-95.66;-64.37;-26.89
10-02-24 09:55;-108.93;-37.74;-44.09;-95.82;-64.47;-26.91
10-02-24 10:05;-109.12;-37.76;-44.11;-96.02;-64.57;-26.94
10-02-24 10:15;-109.31;-37.78;-44.13;-96.21;-64.67;-26.96
10-02-24 10:25;-109.5;-37.8;-44.16;-96.4;-64.77;-26.98
10-02-24 10:35;-109.69;-37.82;-44.18;-96.6;-64.84;-27
10-02-24 10:45;-109.89;-37.84;-44.21;-96.8;-64.96;-27.02
10-02-24 10:55;-110.08;-37.87;-44.26;-97;-65.08;-27.05
10-02-24 11:05;-110.31;-37.88;-44.3;-97.22;-65.2;-27.07
10-02-24 11:15;-110.52;-37.9;-44.35;-97.45;-65.32;-27.09
10-02-24 11:25;-110.73;-37.9;-44.41;-97.68;-65.46;-27.12
10-02-24 11:35;-110.96;-37.92;-44.49;-97.92;-65.61;-27.14
10-02-24 11:45;-111.2;-37.94;-44.56;-98.17;-65.75;-27.16
10-02-24 11:55;-111.43;-37.95;-44.65;-98.42;-65.9;-27.19
10-02-24 12:05;-111.66;-37.96;-44.73;-98.68;-66.06;-27.22
10-02-24 12:15;-111.93;-37.97;-44.82;-98.95;-66.22;-27.26
10-02-24 12:25;-112.2;-37.98;-44.89;-99.28;-66.39;-27.28
10-02-24 12:35;-112.53;-37.99;-44.96;-99.59;-66.57;-27.31
10-02-24 12:45;-112.88;-38.06;-45.03;-99.93;-66.77;-27.33
10-02-24 12:55;-113.24;-38.08;-45.11;-100.33;-66.98;-27.37
10-02-24 13:05;-113.6;-38.13;-45.18;-100.68;-67.14;-27.41
10-02-24 13:15;-113.96;-38.17;-45.25;-101.04;-67.34;-27.45
10-02-24 13:25;-114.32;-38.2;-45.32;-101.4;-67.53;-27.5
10-02-24 13:35;-114.69;-38.26;-45.39;-101.77;-67.74;-27.55
10-02-24 13:45;-115.04;-38.32;-45.45;-102.15;-67.94;-27.61
10-02-24 13:55;-115.41;-38.39;-45.54;-102.54;-68.12;-27.65
10-02-24 14:05;-115.79;-38.42;-45.6;-102.89;-68.33;-27.7
10-02-24 14:15;-116.14;-38.48;-45.68;-103.23;-68.5;-27.75
10-02-24 14:25;-116.5;-38.52;-45.75;-103.61;-68.71;-27.82
10-02-24 14:35;-116.86;-38.6;-45.82;-103.97;-68.9;-27.87
10-02-24 14:45;-117.27;-38.66;-45.91;-104.39;-69.1;-27.95
10-02-24 14:55;-117.66;-38.73;-45.99;-104.82;-69.35;-28.02
10-02-24 15:05;-118.09;-38.8;-46.08;-105.24;-69.56;-28.08
10-02-24 15:15;-118.49;-38.85;-46.16;-105.62;-69.78;-28.15
10-02-24 15:25;-118.84;-38.91;-46.24;-106.02;-69.97;-28.19
10-02-24 15:35;-119.14;-38.96;-46.29;-106.36;-70.14;-28.25
10-02-24 15:45;-119.44;-39.01;-46.35;-106.66;-70.28;-28.29
10-02-24 15:55;-119.69;-39.04;-46.42;-106.99;-70.38;-28.34
10-02-24 16:05;-119.95;-39.09;-46.46;-107.29;-70.53;-28.39
10-02-24 16:15;-120.21;-39.13;-46.53;-107.58;-70.66;-28.45
10-02-24 16:25;-120.45;-39.2;-46.58;-107.85;-70.78;-28.5
10-02-24 16:35;-120.67;-39.25;-46.63;-108.12;-70.9;-28.56
10-02-24 16:45;-120.9;-39.31;-46.67;-108.39;-71.03;-28.61
10-02-24 16:55;-121.14;-39.36;-46.71;-108.64;-71.15;-28.66
10-02-24 17:05;-121.35;-39.41;-46.75;-108.89;-71.27;-28.72
10-02-24 17:15;-121.56;-39.46;-46.78;-109.14;-71.38;-28.76
10-02-24 17:25;-121.76;-39.52;-46.8;-109.37;-71.49;-28.82
10-02-24 17:35;-121.95;-39.57;-46.84;-109.6;-71.61;-28.88
10-02-24 17:45;-122.14;-39.63;-46.86;-109.81;-71.71;-28.93
10-02-24 17:55;-122.31;-39.68;-46.88;-110.03;-71.83;-28.99
10-02-24 18:05;-122.49;-39.73;-46.89;-110.24;-71.93;-29.04
10-02-24 18:15;-122.67;-39.77;-46.9;-110.44;-72.03;-29.09
10-02-24 18:25;-122.83;-39.82;-46.92;-110.64;-72.13;-29.14
10-02-24 18:35;-122.98;-39.87;-46.92;-110.82;-72.22;-29.18
10-02-24 18:45;-123.13;-39.91;-46.94;-111.01;-72.32;-29.24
10-02-24 18:55;-123.28;-39.96;-46.95;-111.18;-72.42;-29.29
10-02-24 19:05;-123.42;-40;-46.96;-111.37;-72.5;-29.33
10-02-24 19:15;-123.56;-40.04;-46.98;-111.53;-72.58;-29.37
10-02-24 19:25;-123.69;-40.08;-46.98;-111.72;-72.67;-29.42
10-02-24 19:35;-123.83;-40.12;-47.01;-111.87;-72.75;-29.47
10-02-24 19:45;-123.95;-40.16;-47.04;-112.04;-72.82;-29.5
10-02-24 19:55;-124.08;-40.2;-47.05;-112.19;-72.9;-29.54
10-02-24 20:05;-124.2;-40.24;-47.07;-112.35;-72.97;-29.58
10-02-24 20:15;-124.33;-40.26;-47.1;-112.52;-73.03;-29.61
10-02-24 20:25;-124.44;-40.3;-47.12;-112.68;-73.09;-29.65
10-02-24 20:35;-124.56;-40.34;-47.15;-112.83;-73.17;-29.68
10-02-24 20:45;-124.68;-40.36;-47.18;-112.97;-73.23;-29.72
10-02-24 20:55;-124.79;-40.4;-47.19;-113.12;-73.29;-29.75
10-02-24 21:05;-124.9;-40.44;-47.23;-113.28;-73.36;-29.79
10-02-24 21:15;-125.01;-40.47;-47.26;-113.42;-73.41;-29.82
10-02-24 21:25;-125.12;-40.49;-47.28;-113.57;-73.48;-29.85
10-02-24 21:35;-125.25;-40.52;-47.32;-113.73;-73.55;-29.9
10-02-24 21:45;-125.34;-40.55;-47.36;-113.89;-73.63;-29.92
10-02-24 21:55;-125.5;-40.6;-47.38;-114.06;-73.68;-29.96
10-02-24 22:05;-125.62;-40.63;-47.43;-114.23;-73.77;-29.99
10-02-24 22:15;-125.67;-40.65;-47.46;-114.29;-73.79;-30.02
10-02-24 22:25;-125.69;-40.66;-47.48;-114.31;-73.82;-30.04
10-02-24 22:35;-125.71;-40.68;-47.5;-114.34;-73.84;-30.07
10-02-24 22:45;-125.74;-40.7;-47.52;-114.39;-73.88;-30.09
10-02-24 22:55;-125.79;-40.74;-47.56;-114.41;-73.92;-30.12
10-02-24 23:05;-125.8;-40.76;-47.58;-114.44;-73.94;-30.13
10-02-24 23:15;-125.84;-40.79;-47.61;-114.44;-73.97;-30.16
10-02-24 23:25;-125.88;-40.82;-47.62;-114.48;-74;-30.17
10-02-24 23:35;-125.89;-40.84;-47.65;-114.48;-74.02;-30.2
10-02-24 23:45;-125.91;-40.86;-47.68;-114.52;-74.06;-30.22
10-02-24 23:55;-125.95;-40.9;-47.72;-114.54;-74.08;-30.25
11-02-24 00:05;-125.98;-40.93;-47.77;-114.56;-74.12;-30.28
11-02-24 00:15;-126.01;-40.97;-47.82;-114.6;-74.16;-30.32
11-02-24 00:25;-126.07;-41.01;-47.88;-114.64;-74.22;-30.35
11-02-24 00:35;-126.1;-41.04;-47.94;-114.68;-74.25;-30.39
11-02-24 00:45;-126.14;-41.09;-48;-114.76;-74.32;-30.43
11-02-24 00:55;-126.22;-41.13;-48.06;-114.83;-74.38;-30.49
11-02-24 01:05;-126.28;-41.19;-48.1;-114.88;-74.42;-30.52
11-02-24 01:15;-126.36;-41.21;-48.12;-114.94;-74.45;-30.53
11-02-24 01:25;-126.38;-41.23;-48.14;-114.98;-74.47;-30.55
11-02-24 01:35;-126.41;-41.25;-48.14;-115.03;-74.49;-30.57
11-02-24 01:45;-126.42;-41.26;-48.15;-115.07;-74.51;-30.58
11-02-24 01:55;-126.43;-41.27;-48.15;-115.1;-74.5;-30.57
11-02-24 02:05;-126.45;-41.27;-48.14;-115.14;-74.52;-30.58
11-02-24 02:15;-126.47;-41.28;-48.15;-115.17;-74.53;-30.59
11-02-24 02:25;-126.48;-41.28;-48.15;-115.18;-74.54;-30.6
11-02-24 02:35;-126.49;-41.3;-48.17;-115.2;-74.56;-30.62
11-02-24 02:45;-126.52;-41.31;-48.19;-115.23;-74.58;-30.63
11-02-24 02:55;-126.54;-41.33;-48.2;-115.27;-74.61;-30.66
11-02-24 03:05;-126.56;-41.35;-48.23;-115.29;-74.63;-30.68
11-02-24 03:15;-126.58;-41.38;-48.26;-115.27;-74.65;-30.7
11-02-24 03:25;-126.61;-41.4;-48.3;-115.32;-74.7;-30.74
11-02-24 03:35;-126.58;-41.42;-48.34;-115.34;-74.74;-30.77
11-02-24 03:45;-126.67;-41.46;-48.39;-115.37;-74.78;-30.82
11-02-24 03:55;-126.71;-41.51;-48.43;-115.41;-74.8;-30.86
11-02-24 04:05;-126.76;-41.56;-48.49;-115.48;-74.87;-30.91
11-02-24 04:15;-126.83;-41.6;-48.54;-115.51;-74.92;-30.96
11-02-24 04:25;-126.87;-41.63;-48.57;-115.55;-74.94;-30.97
11-02-24 04:35;-126.9;-41.67;-48.59;-115.59;-74.97;-30.99
11-02-24 04:45;-126.93;-41.69;-48.61;-115.61;-74.99;-31.01
11-02-24 04:55;-126.96;-41.71;-48.63;-115.65;-75.01;-31.03
11-02-24 05:05;-126.99;-41.72;-48.64;-115.67;-75.03;-31.04
11-02-24 05:15;-126.99;-41.73;-48.65;-115.71;-75.03;-31.06
11-02-24 05:25;-127.01;-41.75;-48.66;-115.73;-75.06;-31.06
11-02-24 05:35;-127.03;-41.77;-48.68;-115.76;-75.08;-31.07
11-02-24 05:45;-127.05;-41.78;-48.7;-115.77;-75.1;-31.1
11-02-24 05:55;-127.06;-41.8;-48.72;-115.79;-75.12;-31.12
11-02-24 06:05;-127.1;-41.82;-48.75;-115.81;-75.15;-31.14
11-02-24 06:15;-127.13;-41.85;-48.79;-115.89;-75.2;-31.19
11-02-24 06:25;-127.28;-41.9;-48.84;-116.08;-75.32;-31.22
11-02-24 06:35;-127.55;-41.94;-48.89;-116.4;-75.46;-31.26
11-02-24 06:45;-127.78;-41.99;-48.92;-116.63;-75.56;-31.29
11-02-24 06:55;-127.97;-42.01;-48.94;-116.86;-75.66;-31.32
11-02-24 07:05;-128.12;-42.04;-48.96;-117.09;-75.72;-31.34
11-02-24 07:15;-128.26;-42.03;-48.97;-117.31;-75.77;-31.35
11-02-24 07:25;-128.39;-42.05;-48.99;-117.52;-75.86;-31.36
11-02-24 07:35;-128.53;-42.07;-49.01;-117.72;-75.95;-31.37
11-02-24 07:45;-128.65;-42.08;-49.02;-117.94;-76.02;-31.39
11-02-24 07:55;-128.8;-42.1;-49.04;-118.13;-76.09;-31.41
11-02-24 08:05;-128.94;-42.11;-49.07;-118.32;-76.18;-31.43
11-02-24 08:15;-129.07;-42.13;-49.09;-118.5;-76.25;-31.44
11-02-24 08:25;-129.22;-42.16;-49.11;-118.73;-76.32;-31.48
11-02-24 08:35;-129.35;-42.18;-49.14;-118.93;-76.41;-31.5
11-02-24 08:45;-129.48;-42.2;-49.16;-119.12;-76.48;-31.53
11-02-24 08:55;-129.63;-42.22;-49.2;-119.33;-76.58;-31.56
11-02-24 09:05;-129.78;-42.25;-49.22;-119.5;-76.66;-31.59
11-02-24 09:15;-129.92;-42.27;-49.25;-119.72;-76.76;-31.62
11-02-24 09:25;-130.1;-42.29;-49.3;-119.92;-76.84;-31.65
11-02-24 09:35;-130.27;-42.33;-49.32;-120.12;-76.95;-31.68
11-02-24 09:45;-130.42;-42.36;-49.36;-120.35;-77.04;-31.71
11-02-24 09:55;-130.58;-42.38;-49.39;-120.58;-77.14;-31.74
11-02-24 10:05;-130.76;-42.41;-49.42;-120.79;-77.24;-31.77
11-02-24 10:15;-130.92;-42.43;-49.45;-121.02;-77.34;-31.79
11-02-24 10:25;-131.1;-42.46;-49.49;-121.24;-77.45;-31.81
11-02-24 10:35;-131.27;-42.48;-49.53;-121.46;-77.54;-31.83
11-02-24 10:45;-131.45;-42.51;-49.56;-121.71;-77.65;-31.86
11-02-24 10:55;-131.66;-42.53;-49.62;-121.97;-77.8;-31.9
11-02-24 11:05;-131.89;-42.55;-49.67;-122.25;-77.93;-31.93
11-02-24 11:15;-132.15;-42.59;-49.75;-122.56;-78.1;-31.96
11-02-24 11:25;-132.45;-42.61;-49.83;-122.88;-78.27;-31.99
11-02-24 11:35;-132.68;-42.63;-49.92;-123.2;-78.41;-32
11-02-24 11:45;-132.91;-42.64;-50;-123.49;-78.55;-32.02
11-02-24 11:55;-133.09;-42.63;-50.08;-123.77;-78.68;-32.03
11-02-24 12:05;-133.32;-42.64;-50.15;-124.09;-78.84;-32.07
11-02-24 12:15;-133.58;-42.67;-50.23;-124.42;-79.02;-32.1
11-02-24 12:25;-133.82;-42.69;-50.33;-124.81;-79.23;-32.14
11-02-24 12:35;-134.1;-42.69;-50.39;-125.08;-79.35;-32.15
11-02-24 12:45;-134.42;-42.71;-50.41;-125.47;-79.62;-32.22
11-02-24 12:55;-134.91;-42.79;-50.53;-125.99;-79.93;-32.27
11-02-24 13:05;-135.37;-42.85;-50.66;-126.46;-80.16;-32.3
11-02-24 13:15;-135.65;-42.86;-50.66;-126.84;-80.29;-32.31
11-02-24 13:25;-135.94;-42.9;-50.71;-127.18;-80.48;-32.37
11-02-24 13:35;-136.39;-42.92;-50.8;-127.55;-80.7;-32.44
11-02-24 13:45;-136.65;-43.01;-50.83;-128;-80.84;-32.45
11-02-24 13:55;-137.05;-43.08;-50.91;-128.44;-81.08;-32.52
11-02-24 14:05;-137.47;-43.15;-51;-128.88;-81.31;-32.58
11-02-24 14:15;-137.84;-43.21;-51.06;-129.33;-81.57;-32.66
11-02-24 14:25;-138.33;-43.28;-51.15;-129.78;-81.85;-32.73
11-02-24 14:35;-138.46;-43.27;-51.22;-130.15;-82;-32.76
11-02-24 14:45;-139.15;-43.34;-51.27;-130.74;-82.41;-32.87
11-02-24 14:55;-139.77;-43.42;-51.36;-131.31;-82.83;-32.95
11-02-24 15:05;-140.21;-43.47;-51.43;-131.75;-83.09;-33
11-02-24 15:15;-140.45;-43.5;-51.45;-132.13;-83.2;-33.02
11-02-24 15:25;-140.78;-43.52;-51.49;-132.54;-83.45;-33.08
11-02-24 15:35;-141.22;-43.6;-51.58;-132.95;-83.66;-33.13
11-02-24 15:45;-141.52;-43.66;-51.64;-133.36;-83.78;-33.18
11-02-24 15:55;-141.9;-43.72;-51.73;-133.8;-84.03;-33.26
11-02-24 16:05;-142.36;-43.8;-51.83;-134.25;-84.26;-33.34
11-02-24 16:15;-142.66;-43.87;-51.9;-134.63;-84.41;-33.38
11-02-24 16:25;-142.88;-43.91;-51.95;-134.95;-84.54;-33.43
11-02-24 16:35;-143.08;-43.95;-52;-135.26;-84.65;-33.48
11-02-24 16:45;-143.28;-43.99;-52.06;-135.57;-84.77;-33.54
11-02-24 16:55;-143.48;-44.04;-52.1;-135.86;-84.88;-33.59
11-02-24 17:05;-143.69;-44.09;-52.16;-136.15;-85;-33.64
11-02-24 17:15;-143.89;-44.13;-52.2;-136.42;-85.11;-33.7
11-02-24 17:25;-144.1;-44.17;-52.25;-136.7;-85.22;-33.74
11-02-24 17:35;-144.26;-44.21;-52.28;-136.95;-85.32;-33.79
11-02-24 17:45;-144.44;-44.25;-52.31;-137.2;-85.42;-33.83
11-02-24 17:55;-144.58;-44.3;-52.35;-137.42;-85.51;-33.88
11-02-24 18:05;-144.73;-44.35;-52.36;-137.63;-85.6;-33.92
11-02-24 18:15;-144.88;-44.39;-52.38;-137.87;-85.69;-33.97
11-02-24 18:25;-145.03;-44.44;-52.38;-138.08;-85.79;-34.02
11-02-24 18:35;-145.18;-44.48;-52.4;-138.28;-85.87;-34.06
11-02-24 18:45;-145.32;-44.53;-52.4;-138.46;-85.97;-34.11
11-02-24 18:55;-145.46;-44.56;-52.41;-138.67;-86.05;-34.16
11-02-24 19:05;-145.6;-44.62;-52.41;-138.84;-86.14;-34.19
11-02-24 19:15;-145.74;-44.65;-52.41;-139.03;-86.25;-34.24
11-02-24 19:25;-145.88;-44.69;-52.41;-139.22;-86.33;-34.28
11-02-24 19:35;-146.02;-44.74;-52.41;-139.39;-86.42;-34.33
11-02-24 19:45;-146.15;-44.78;-52.43;-139.58;-86.5;-34.38
11-02-24 19:55;-146.28;-44.82;-52.43;-139.75;-86.58;-34.41
11-02-24 20:05;-146.4;-44.86;-52.43;-139.93;-86.67;-34.45
11-02-24 20:15;-146.53;-44.89;-52.47;-140.1;-86.75;-34.48
11-02-24 20:25;-146.59;-44.93;-52.46;-140.26;-86.82;-34.52
11-02-24 20:35;-146.75;-44.97;-52.5;-140.42;-86.91;-34.56
11-02-24 20:45;-146.91;-45.01;-52.52;-140.61;-86.99;-34.62
11-02-24 20:55;-147.05;-45.06;-52.54;-140.8;-87.06;-34.66
11-02-24 21:05;-147.16;-45.1;-52.59;-140.98;-87.14;-34.69
11-02-24 21:15;-147.33;-45.14;-52.63;-141.19;-87.22;-34.71
11-02-24 21:25;-147.48;-45.17;-52.68;-141.38;-87.3;-34.74
11-02-24 21:35;-147.61;-45.21;-52.72;-141.59;-87.38;-34.77
11-02-24 21:45;-147.76;-45.24;-52.76;-141.78;-87.46;-34.82
11-02-24 21:55;-147.87;-45.26;-52.82;-142.02;-87.52;-34.83
11-02-24 22:05;-148.02;-45.29;-52.86;-142.19;-87.59;-34.86
11-02-24 22:15;-148.04;-45.3;-52.9;-142.22;-87.6;-34.85
11-02-24 22:25;-148.05;-45.31;-52.91;-142.24;-87.62;-34.88
11-02-24 22:35;-148.05;-45.32;-52.91;-142.26;-87.64;-34.9
11-02-24 22:45;-148.08;-45.35;-52.91;-142.27;-87.69;-34.93
11-02-24 22:55;-148.11;-45.4;-52.92;-142.3;-87.73;-34.97
11-02-24 23:05;-148.15;-45.43;-52.93;-142.33;-87.77;-35
11-02-24 23:15;-148.19;-45.47;-52.94;-142.34;-87.82;-35.04
11-02-24 23:25;-148.24;-45.5;-52.97;-142.38;-87.87;-35.09
11-02-24 23:35;-148.29;-45.55;-52.99;-142.43;-87.93;-35.14
11-02-24 23:45;-148.34;-45.61;-53.05;-142.48;-87.99;-35.2
11-02-24 23:55;-148.41;-45.66;-53.13;-142.53;-88.09;-35.26
12-02-24 00:05;-148.49;-45.72;-53.17;-142.61;-88.14;-35.29
12-02-24 00:15;-148.52;-45.75;-53.22;-142.65;-88.18;-35.32
12-02-24 00:25;-148.56;-45.78;-53.24;-142.7;-88.2;-35.33
12-02-24 00:35;-148.6;-45.79;-53.27;-142.74;-88.24;-35.35
12-02-24 00:45;-148.63;-45.82;-53.31;-142.8;-88.26;-35.36
12-02-24 00:55;-148.68;-45.84;-53.33;-142.84;-88.29;-35.38
12-02-24 01:05;-148.71;-45.86;-53.35;-142.86;-88.31;-35.39
12-02-24 01:15;-148.76;-45.88;-53.39;-142.92;-88.34;-35.41
12-02-24 01:25;-148.77;-45.91;-53.42;-143;-88.37;-35.43
12-02-24 01:35;-148.8;-45.92;-53.44;-143.02;-88.38;-35.45
12-02-24 01:45;-148.81;-45.95;-53.47;-143.04;-88.42;-35.47
12-02-24 01:55;-148.85;-45.96;-53.48;-143.07;-88.45;-35.48
12-02-24 02:05;-148.87;-45.98;-53.51;-143.1;-88.46;-35.51
12-02-24 02:15;-148.89;-46.01;-53.52;-143.11;-88.49;-35.52
12-02-24 02:25;-148.94;-46.03;-53.55;-143.17;-88.53;-35.56
12-02-24 02:35;-148.96;-46.05;-53.57;-143.17;-88.56;-35.59
12-02-24 02:45;-148.97;-46.08;-53.59;-143.22;-88.6;-35.63
12-02-24 02:55;-149;-46.11;-53.63;-143.25;-88.66;-35.67
12-02-24 03:05;-149.04;-46.15;-53.66;-143.25;-88.67;-35.72
12-02-24 03:15;-149.09;-46.2;-53.69;-143.32;-88.74;-35.76
12-02-24 03:25;-149.15;-46.23;-53.75;-143.38;-88.77;-35.81
12-02-24 03:35;-149.18;-46.27;-53.78;-143.4;-88.81;-35.84
12-02-24 03:45;-149.22;-46.3;-53.82;-143.42;-88.84;-35.86
12-02-24 03:55;-149.24;-46.33;-53.85;-143.47;-88.87;-35.88
12-02-24 04:05;-149.28;-46.35;-53.88;-143.51;-88.89;-35.89
12-02-24 04:15;-149.31;-46.37;-53.9;-143.54;-88.91;-35.92
12-02-24 04:25;-149.33;-46.4;-53.92;-143.59;-88.94;-35.94
12-02-24 04:35;-149.34;-46.42;-53.95;-143.61;-88.97;-35.96
12-02-24 04:45;-149.39;-46.44;-53.97;-143.64;-88.98;-35.99
12-02-24 04:55;-149.41;-46.47;-54.01;-143.67;-89;-36.01
12-02-24 05:05;-149.43;-46.5;-54.04;-143.68;-89.03;-36.05
12-02-24 05:15;-149.45;-46.52;-54.08;-143.76;-89.06;-36.06
12-02-24 05:25;-149.49;-46.55;-54.11;-143.78;-89.09;-36.09
12-02-24 05:35;-149.54;-46.58;-54.13;-143.81;-89.12;-36.12
12-02-24 05:45;-149.57;-46.61;-54.17;-143.85;-89.15;-36.15
12-02-24 05:55;-149.61;-46.63;-54.2;-143.88;-89.18;-36.17
12-02-24 06:05;-149.63;-46.66;-54.23;-143.91;-89.2;-36.2
12-02-24 06:15;-149.68;-46.69;-54.25;-143.99;-89.26;-36.22
12-02-24 06:25;-149.83;-46.73;-54.29;-144.21;-89.37;-36.26
12-02-24 06:35;-150.07;-46.77;-54.33;-144.49;-89.5;-36.28
12-02-24 06:45;-150.27;-46.8;-54.37;-144.68;-89.59;-36.31
12-02-24 06:55;-150.45;-46.82;-54.41;-144.91;-89.68;-36.32
12-02-24 07:05;-150.56;-46.84;-54.43;-145.11;-89.76;-36.34
12-02-24 07:15;-150.71;-46.86;-54.46;-145.3;-89.84;-36.37
12-02-24 07:25;-150.85;-46.88;-54.49;-145.5;-89.91;-36.39
12-02-24 07:35;-150.98;-46.9;-54.53;-145.7;-89.99;-36.42
12-02-24 07:45;-151.11;-46.91;-54.55;-145.87;-90.08;-36.44
12-02-24 07:55;-151.24;-46.93;-54.58;-146.06;-90.16;-36.47
12-02-24 08:05;-151.39;-46.95;-54.61;-146.26;-90.24;-36.49
12-02-24 08:15;-151.52;-46.98;-54.63;-146.44;-90.33;-36.51
12-02-24 08:25;-151.65;-46.99;-54.66;-146.61;-90.41;-36.54
12-02-24 08:35;-151.78;-47.03;-54.68;-146.82;-90.51;-36.57
12-02-24 08:45;-151.92;-47.04;-54.71;-147;-90.59;-36.6
12-02-24 08:55;-152.08;-47.07;-54.73;-147.2;-90.69;-36.63
12-02-24 09:05;-152.25;-47.12;-54.76;-147.4;-90.8;-36.66
12-02-24 09:15;-152.4;-47.14;-54.81;-147.61;-90.89;-36.68
12-02-24 09:25;-152.56;-47.16;-54.83;-147.83;-91.03;-36.72
12-02-24 09:35;-152.77;-47.2;-54.85;-148.04;-91.13;-36.72
12-02-24 09:45;-152.99;-47.22;-54.88;-148.28;-91.32;-36.77
12-02-24 09:55;-153.24;-47.29;-54.91;-148.57;-91.49;-36.85
12-02-24 10:05;-153.58;-47.34;-54.97;-148.93;-91.72;-36.99
12-02-24 10:15;-153.81;-47.41;-55.08;-149.28;-91.93;-37.06
12-02-24 10:25;-154.11;-47.45;-55.16;-149.63;-92.12;-37.11
12-02-24 10:35;-154.35;-47.48;-55.24;-149.98;-92.28;-37.11
12-02-24 10:45;-154.58;-47.51;-55.32;-150.3;-92.43;-37.12
12-02-24 10:55;-154.89;-47.53;-55.43;-150.64;-92.64;-37.14
12-02-24 11:05;-155.16;-47.55;-55.52;-150.95;-92.79;-37.15
12-02-24 11:15;-155.51;-47.6;-55.62;-151.27;-92.98;-37.19
12-02-24 11:25;-155.79;-47.63;-55.72;-151.65;-93.19;-37.22
12-02-24 11:35;-156.17;-47.68;-55.78;-152.07;-93.46;-37.27
12-02-24 11:45;-156.48;-47.72;-55.94;-152.42;-93.66;-37.31
12-02-24 11:55;-156.76;-47.74;-56.01;-152.72;-93.8;-37.33
12-02-24 12:05;-157.08;-47.77;-56.08;-153.11;-94.01;-37.36
12-02-24 12:15;-157.34;-47.81;-56.15;-153.5;-94.15;-37.41
12-02-24 12:25;-157.64;-47.86;-56.22;-153.87;-94.33;-37.45
12-02-24 12:35;-157.96;-47.91;-56.29;-154.21;-94.53;-37.5
12-02-24 12:45;-158.37;-47.99;-56.37;-154.67;-94.82;-37.63
12-02-24 12:55;-158.68;-48;-56.47;-155.01;-95.02;-37.63
12-02-24 13:05;-158.99;-48.05;-56.52;-155.3;-95.2;-37.67
12-02-24 13:15;-159.29;-48.09;-56.58;-155.61;-95.41;-37.73
12-02-24 13:25;-159.56;-48.12;-56.65;-155.93;-95.57;-37.79
12-02-24 13:35;-159.86;-48.15;-56.69;-156.25;-95.79;-37.84
12-02-24 13:45;-160.22;-48.2;-56.76;-156.64;-96.06;-37.92
12-02-24 13:55;-160.59;-48.23;-56.82;-157.03;-96.36;-37.99
12-02-24 14:05;-161.14;-48.3;-56.9;-157.54;-96.76;-38.1
12-02-24 14:15;-161.52;-48.3;-56.95;-157.81;-96.98;-38.1
12-02-24 14:25;-161.94;-48.42;-56.96;-158.22;-97.35;-38.18
12-02-24 14:35;-162.43;-48.41;-57.08;-158.64;-97.67;-38.24
12-02-24 14:45;-162.87;-48.43;-57.09;-159.05;-98.01;-38.31
12-02-24 14:55;-163.3;-48.5;-57.14;-159.43;-98.29;-38.37
12-02-24 15:05;-163.74;-48.56;-57.2;-159.86;-98.67;-38.49
12-02-24 15:15;-164.2;-48.55;-57.28;-160.34;-98.96;-38.56
12-02-24 15:25;-164.64;-48.69;-57.35;-160.67;-99.23;-38.59
12-02-24 15:35;-165.08;-48.73;-57.42;-161.05;-99.49;-38.65
12-02-24 15:45;-165.53;-48.84;-57.54;-161.47;-99.77;-38.73
12-02-24 15:55;-165.97;-48.96;-57.62;-161.72;-100.17;-38.88
12-02-24 16:05;-166.31;-48.96;-57.72;-162.2;-100.2;-38.86
12-02-24 16:15;-166.57;-49.01;-57.78;-162.46;-100.32;-38.9
12-02-24 16:25;-166.82;-49.09;-57.86;-162.74;-100.44;-38.96
12-02-24 16:35;-167.06;-49.13;-57.94;-163;-100.56;-39.02
12-02-24 16:45;-167.32;-49.18;-58.02;-163.27;-100.69;-39.08
12-02-24 16:55;-167.56;-49.23;-58.1;-163.53;-100.82;-39.14
12-02-24 17:05;-167.77;-49.27;-58.15;-163.74;-100.91;-39.18
12-02-24 17:15;-167.96;-49.32;-58.22;-163.98;-101.03;-39.24
12-02-24 17:25;-168.15;-49.37;-58.28;-164.17;-101.12;-39.3
12-02-24 17:35;-168.32;-49.42;-58.34;-164.36;-101.23;-39.34
12-02-24 17:45;-168.49;-49.46;-58.38;-164.54;-101.31;-39.39
12-02-24 17:55;-168.64;-49.52;-58.41;-164.72;-101.4;-39.43
12-02-24 18:05;-168.78;-49.55;-58.46;-164.9;-101.49;-39.48
12-02-24 18:15;-168.9;-49.6;-58.49;-165.04;-101.57;-39.54
12-02-24 18:25;-169.03;-49.64;-58.52;-165.18;-101.65;-39.58
12-02-24 18:35;-169.19;-49.68;-58.53;-165.35;-101.75;-39.62
12-02-24 18:45;-169.31;-49.72;-58.54;-165.5;-101.84;-39.68
12-02-24 18:55;-169.44;-49.77;-58.53;-165.61;-101.93;-39.71
12-02-24 19:05;-169.56;-49.81;-58.53;-165.73;-102.01;-39.77
12-02-24 19:15;-169.67;-49.86;-58.53;-165.89;-102.12;-39.82
12-02-24 19:25;-169.8;-49.9;-58.54;-166.02;-102.2;-39.87
12-02-24 19:35;-169.94;-49.96;-58.55;-166.15;-102.3;-39.93
12-02-24 19:45;-170.11;-50;-58.56;-166.33;-102.4;-39.98
12-02-24 19:55;-170.24;-50.06;-58.58;-166.52;-102.51;-40.04
12-02-24 20:05;-170.42;-50.11;-58.6;-166.7;-102.62;-40.09
12-02-24 20:15;-170.54;-50.14;-58.68;-166.88;-102.71;-40.12
12-02-24 20:25;-170.7;-50.2;-58.73;-167.04;-102.76;-40.15
12-02-24 20:35;-170.82;-50.22;-58.78;-167.2;-102.84;-40.18
12-02-24 20:45;-170.96;-50.25;-58.82;-167.36;-102.91;-40.21
12-02-24 20:55;-171.09;-50.27;-58.87;-167.5;-102.98;-40.22
12-02-24 21:05;-171.21;-50.31;-58.89;-167.66;-103.06;-40.25
12-02-24 21:15;-171.37;-50.34;-58.93;-167.8;-103.12;-40.27
12-02-24 21:25;-171.46;-50.37;-58.95;-167.92;-103.18;-40.3
12-02-24 21:35;-171.58;-50.4;-58.97;-168.08;-103.26;-40.33
12-02-24 21:45;-171.7;-50.43;-58.98;-168.21;-103.33;-40.38
12-02-24 21:55;-171.82;-50.46;-58.99;-168.32;-103.41;-40.41
12-02-24 22:05;-171.94;-50.5;-59;-168.45;-103.47;-40.44
12-02-24 22:15;-171.98;-50.53;-59.01;-168.49;-103.52;-40.48
12-02-24 22:25;-172.01;-50.54;-59;-168.53;-103.55;-40.52
12-02-24 22:35;-172.03;-50.57;-59;-168.54;-103.59;-40.56
12-02-24 22:45;-172.11;-50.64;-59.03;-168.56;-103.7;-40.63
12-02-24 22:55;-172.18;-50.7;-59.08;-168.64;-103.79;-40.7
12-02-24 23:05;-172.23;-50.76;-59.15;-168.66;-103.85;-40.76
12-02-24 23:15;-172.27;-50.81;-59.17;-168.73;-103.89;-40.8
12-02-24 23:25;-172.34;-50.85;-59.22;-168.78;-103.94;-40.84
12-02-24 23:35;-172.37;-50.89;-59.27;-168.82;-103.98;-40.86
12-02-24 23:45;-172.42;-50.93;-59.3;-168.83;-104.02;-40.89
12-02-24 23:55;-172.46;-50.96;-59.34;-168.92;-104.05;-40.92
13-02-24 00:05;-172.5;-50.99;-59.37;-168.94;-104.1;-40.93
13-02-24 00:15;-172.53;-51.03;-59.41;-168.99;-104.14;-40.96
13-02-24 00:25;-172.55;-51.06;-59.45;-169.02;-104.18;-40.98
13-02-24 00:35;-172.59;-51.08;-59.49;-169.06;-104.22;-40.99
13-02-24 00:45;-172.63;-51.1;-59.51;-169.09;-104.26;-41.03
13-02-24 00:55;-172.66;-51.12;-59.54;-169.14;-104.28;-41.04
13-02-24 01:05;-172.7;-51.16;-59.58;-169.19;-104.32;-41.08
13-02-24 01:15;-172.72;-51.17;-59.61;-169.22;-104.36;-41.12
13-02-24 01:25;-172.76;-51.21;-59.65;-169.29;-104.4;-41.14
13-02-24 01:35;-172.8;-51.24;-59.68;-169.32;-104.43;-41.17
13-02-24 01:45;-172.84;-51.28;-59.72;-169.32;-104.47;-41.21
13-02-24 01:55;-172.88;-51.3;-59.75;-169.38;-104.51;-41.24
13-02-24 02:05;-172.93;-51.35;-59.8;-169.41;-104.56;-41.29
13-02-24 02:15;-172.97;-51.39;-59.83;-169.45;-104.61;-41.34
13-02-24 02:25;-173.01;-51.43;-59.88;-169.48;-104.65;-41.37
13-02-24 02:35;-173.04;-51.46;-59.91;-169.54;-104.67;-41.39
13-02-24 02:45;-173.07;-51.48;-59.94;-169.56;-104.67;-41.42
13-02-24 02:55;-173.1;-51.5;-59.98;-169.61;-104.71;-41.45
13-02-24 03:05;-173.14;-51.54;-60.01;-169.64;-104.74;-41.47
13-02-24 03:15;-173.18;-51.56;-60.04;-169.68;-104.77;-41.5
13-02-24 03:25;-173.21;-51.59;-60.06;-169.71;-104.8;-41.52
13-02-24 03:35;-173.25;-51.62;-60.1;-169.74;-104.86;-41.56
13-02-24 03:45;-173.27;-51.66;-60.13;-169.79;-104.88;-41.61
13-02-24 03:55;-173.35;-51.7;-60.18;-169.8;-104.94;-41.65
13-02-24 04:05;-173.38;-51.74;-60.22;-169.84;-104.99;-41.7
13-02-24 04:15;-173.42;-51.78;-60.26;-169.91;-105.04;-41.75
13-02-24 04:25;-173.47;-51.82;-60.3;-169.92;-105.08;-41.76
13-02-24 04:35;-173.49;-51.84;-60.33;-169.95;-105.11;-41.81
13-02-24 04:45;-173.53;-51.87;-60.37;-169.98;-105.13;-41.84
13-02-24 04:55;-173.55;-51.9;-60.39;-170.02;-105.17;-41.86
13-02-24 05:05;-173.59;-51.92;-60.43;-170.04;-105.2;-41.88
13-02-24 05:15;-173.62;-51.95;-60.47;-170.08;-105.24;-41.92
13-02-24 05:25;-173.61;-51.99;-60.5;-170.12;-105.28;-41.96
13-02-24 05:35;-173.7;-52.03;-60.55;-170.17;-105.32;-42.01
13-02-24 05:45;-173.76;-52.07;-60.58;-170.23;-105.36;-42.05
13-02-24 05:55;-173.78;-52.1;-60.63;-170.22;-105.4;-42.1
13-02-24 06:05;-173.82;-52.14;-60.66;-170.26;-105.45;-42.13
13-02-24 06:15;-173.84;-52.16;-60.7;-170.33;-105.48;-42.17
13-02-24 06:25;-174.08;-52.21;-60.75;-170.69;-105.65;-42.2
13-02-24 06:35;-174.35;-52.24;-60.84;-171.04;-105.82;-42.23
13-02-24 06:45;-174.57;-52.3;-60.87;-171.27;-105.94;-42.26
13-02-24 06:55;-174.77;-52.33;-60.92;-171.51;-106.05;-42.27
13-02-24 07:05;-174.94;-52.37;-60.98;-171.7;-106.14;-42.32
13-02-24 07:15;-175.13;-52.39;-61.02;-171.92;-106.25;-42.33
13-02-24 07:25;-175.3;-52.42;-61.07;-172.13;-106.35;-42.38
13-02-24 07:35;-175.47;-52.46;-61.11;-172.32;-106.46;-42.42
13-02-24 07:45;-175.62;-52.48;-61.16;-172.5;-106.57;-42.45
13-02-24 07:55;-175.77;-52.49;-61.2;-172.71;-106.67;-42.48
13-02-24 08:05;-175.97;-52.54;-61.24;-172.9;-106.79;-42.52
13-02-24 08:15;-176.11;-52.58;-61.27;-173.06;-106.89;-42.57
13-02-24 08:25;-176.28;-52.61;-61.3;-173.25;-107.01;-42.61
13-02-24 08:35;-176.44;-52.65;-61.34;-173.44;-107.14;-42.65
13-02-24 08:45;-176.64;-52.69;-61.38;-173.64;-107.28;-42.7
13-02-24 08:55;-176.84;-52.72;-61.44;-173.82;-107.4;-42.76
13-02-24 09:05;-177.03;-52.77;-61.47;-174.05;-107.51;-42.79
13-02-24 09:15;-177.18;-52.78;-61.53;-174.29;-107.65;-42.85
