time;enc_1;enc_2;enc_3;enc_4;enc_5;enc_6
08-02-23 15:56;0;0;0;0;0;0
08-02-23 16:06;1;-13;0;0;0;0
08-02-23 16:16;1;-13;0;-1;0;0
08-02-23 16:26;1;-13;0;-1;-1;0
08-02-23 16:36;1;-13;0;-2;-2;0
08-02-23 16:46;1;-13;0;-3;-3;0
08-02-23 16:56;1;-12;0;-3;-4;0
08-02-23 17:06;1;-11;0;-4;-4;0
08-02-23 17:16;1;-11;0;-4;-5;0
08-02-23 17:26;1;-10;0;-5;-6;0
08-02-23 17:36;1;-9;0;-6;-6;0
08-02-23 17:46;1;-9;0;-6;-7;0
08-02-23 17:56;1;-8;0;-7;-8;0
08-02-23 18:06;1;-8;0;-7;-8;0
08-02-23 18:16;1;-7;0;-7;-9;0
08-02-23 18:26;1;-7;0;-7;-9;0
08-02-23 18:36;1;-7;0;-7;-9;0
08-02-23 18:46;1;-6;0;-8;-10;0
08-02-23 18:56;1;-5;0;-9;-11;0
08-02-23 19:06;1;-5;0;-9;-11;0
08-02-23 19:16;1;-5;0;-9;-12;0
08-02-23 19:26;1;-4;0;-10;-13;0
08-02-23 19:36;1;-4;0;-10;-13;0
08-02-23 19:46;1;-4;0;-10;-14;0
08-02-23 19:56;1;-4;0;-12;-14;0
08-02-23 20:06;1;-4;0;-12;-15;0
08-02-23 20:16;1;-4;0;-13;-16;0
08-02-23 20:26;1;-4;0;-13;-17;0
08-02-23 20:36;1;-4;0;-13;-17;0
08-02-23 20:46;1;-4;0;-14;-18;0
08-02-23 20:56;1;-4;0;-14;-19;0
08-02-23 21:06;1;-4;0;-16;-19;0
08-02-23 21:16;1;-4;0;-16;-20;0
08-02-23 21:26;1;-4;0;-16;-20;0
08-02-23 21:36;1;-4;0;-17;-21;0
08-02-23 21:46;1;-4;0;-18;-22;0
08-02-23 21:56;1;-4;0;-18;-22;0
08-02-23 22:06;1;-4;0;-18;-23;0
08-02-23 22:16;1;-4;0;-19;-24;0
08-02-23 22:26;1;-4;0;-19;-25;0
08-02-23 22:36;1;-4;0;-19;-26;0
08-02-23 22:46;1;-4;0;-19;-27;0
08-02-23 22:56;1;-4;0;-19;-28;0
08-02-23 23:06;1;-4;0;-19;-28;0
08-02-23 23:16;1;-4;0;-19;-29;0
08-02-23 23:26;1;-4;0;-19;-30;0
08-02-23 23:36;1;-4;0;-19;-30;0
08-02-23 23:46;1;-4;0;-19;-31;0
08-02-23 23:56;1;-4;0;-19;-32;0
09-02-23 00:06;1;-4;0;-19;-32;0
09-02-23 00:16;1;-4;0;-19;-33;0
09-02-23 00:26;1;-4;0;-19;-34;0
09-02-23 00:36;1;-4;0;-19;-34;0
09-02-23 00:46;1;-4;0;-19;-35;0
09-02-23 00:56;1;-4;0;-19;-35;0
09-02-23 01:06;1;-4;0;-19;-36;0
09-02-23 01:16;1;-4;0;-19;-37;0
09-02-23 01:26;1;-4;0;-19;-37;0
09-02-23 01:36;1;-4;0;-19;-38;0
09-02-23 01:46;1;-4;0;-19;-39;0
09-02-23 01:56;1;-4;0;-19;-39;0
09-02-23 02:06;1;-4;0;-19;-40;0
09-02-23 02:16;1;-4;0;-19;-41;0
09-02-23 02:26;1;-4;0;-19;-41;0
09-02-23 02:36;1;-4;0;-19;-42;0
09-02-23 02:46;1;-4;0;-19;-42;0
09-02-23 02:56;1;-4;0;-19;-43;0
09-02-23 03:06;1;-4;0;-19;-44;0
09-02-23 03:16;1;-4;0;-19;-44;0
09-02-23 03:26;1;-4;0;-19;-44;0
09-02-23 03:36;1;-4;0;-19;-45;0
09-02-23 03:46;1;-4;0;-19;-46;0
09-02-23 03:56;1;-4;0;-19;-46;0
09-02-23 04:06;1;-4;0;-19;-47;0
09-02-23 04:16;1;-4;0;-19;-48;0
09-02-23 04:26;1;-4;0;-19;-48;0
09-02-23 04:36;1;-4;0;-19;-49;0
09-02-23 04:46;1;-4;0;-19;-50;0
09-02-23 04:56;1;-4;0;-19;-50;0
09-02-23 05:06;1;-4;0;-19;-51;0
09-02-23 05:16;1;-4;0;-19;-52;0
09-02-23 05:26;1;-4;0;-19;-52;0
09-02-23 05:36;1;-4;0;-19;-53;0
09-02-23 05:46;1;-4;0;-19;-54;0
09-02-23 05:56;1;-4;0;-19;-54;0
09-02-23 06:06;1;-4;0;-19;-54;0
09-02-23 06:16;1;-4;0;-19;-56;0
09-02-23 06:26;1;-4;0;-19;-56;0
09-02-23 06:36;1;-4;0;-19;-56;0
09-02-23 06:46;1;-4;0;-19;-56;0
09-02-23 06:56;1;-4;0;-19;-57;0
09-02-23 07:06;1;-4;0;-19;-58;0
09-02-23 07:16;1;-4;0;-19;-58;0
09-02-23 07:26;1;-4;0;-19;-58;0
09-02-23 07:36;1;-4;0;-19;-60;0
09-02-23 07:46;1;-4;0;-19;-60;0
09-02-23 07:56;1;-4;0;-19;-60;0
09-02-23 08:06;1;-4;0;-19;-62;0
09-02-23 08:16;1;-4;0;-19;-62;0
09-02-23 08:26;1;-4;0;-19;-82;1
09-02-23 08:36;1;-4;0;-19;-82;1
09-02-23 08:46;1;-4;0;-19;-82;1
09-02-23 08:56;1;-4;0;-19;-82;1
09-02-23 09:06;1;-4;0;-19;-83;1
09-02-23 09:16;1;-4;0;-19;-84;1
09-02-23 09:26;1;-4;0;-19;-84;1
09-02-23 09:36;1;-4;0;-19;-84;1
09-02-23 09:46;1;-4;0;-19;-85;1
09-02-23 09:56;1;-4;0;-19;-86;1
09-02-23 10:06;1;-4;0;-19;-87;1
09-02-23 10:16;1;-4;0;-19;-87;1
09-02-23 10:26;1;-4;0;-39;-88;1
09-02-23 10:36;1;-4;0;-39;-89;1
09-02-23 10:46;1;-4;0;-40;-89;1
09-02-23 10:56;1;-4;0;-40;-90;1
09-02-23 11:06;1;-4;0;-41;-91;1
09-02-23 11:16;1;2;0;-42;-92;1
09-02-23 11:26;1;2;0;-42;-93;1
09-02-23 11:36;1;4;0;-43;-93;1
09-02-23 11:46;1;4;0;-44;-94;1
09-02-23 11:56;1;5;0;-44;-95;1
09-02-23 12:06;1;6;0;-45;-96;1
09-02-23 12:16;1;6;0;-45;-96;1
09-02-23 12:26;1;7;0;-46;-97;1
09-02-23 12:36;1;8;0;-48;-98;1
09-02-23 12:46;1;9;0;-48;-100;1
09-02-23 12:56;1;9;0;-48;-100;1
09-02-23 13:06;1;10;0;-49;-101;1
09-02-23 13:16;1;10;0;-49;-102;1
09-02-23 13:26;1;11;0;-51;-103;1
09-02-23 13:36;1;12;0;-51;-104;1
09-02-23 13:46;1;13;0;-52;-105;1
09-02-23 13:56;1;13;0;-52;-105;1
09-02-23 14:06;1;13;0;-53;-106;1
09-02-23 14:16;1;15;0;-54;-108;1
09-02-23 14:26;1;15;0;-54;-108;1
09-02-23 14:36;1;15;0;-55;-109;1
09-02-23 14:46;1;16;0;-55;-110;1
09-02-23 14:56;1;16;0;-56;-111;1
09-02-23 15:06;1;18;0;-57;-112;1
09-02-23 15:16;1;18;0;-57;-112;1
09-02-23 15:26;1;18;0;-58;-113;1
09-02-23 15:36;1;20;0;-59;-114;1
09-02-23 15:46;1;20;0;-59;-115;1
09-02-23 15:56;1;20;0;-60;-116;1
09-02-23 16:06;1;21;0;-60;-117;1
09-02-23 16:16;1;21;0;-61;-118;1
09-02-23 16:26;1;23;0;-62;-119;1
09-02-23 16:36;1;23;0;-63;-120;1
09-02-23 16:46;1;24;0;-63;-120;1
09-02-23 16:56;1;24;0;-64;-121;1
09-02-23 17:06;1;24;0;-64;-122;1
09-02-23 17:16;1;24;0;-65;-122;1
09-02-23 17:26;1;26;0;-65;-123;1
09-02-23 17:36;1;26;0;-66;-124;1
09-02-23 17:46;1;26;0;-67;-124;1
09-02-23 17:56;1;26;0;-67;-125;1
09-02-23 18:06;1;28;0;-67;-126;1
09-02-23 18:16;1;28;0;-68;-126;1
09-02-23 18:26;1;28;0;-68;-127;8
09-02-23 18:36;1;28;0;-69;-128;8
09-02-23 18:46;1;28;0;-69;-128;8
09-02-23 18:56;1;28;0;-70;-129;8
09-02-23 19:06;1;28;0;-70;-130;8
09-02-23 19:16;1;28;0;-71;-130;8
09-02-23 19:26;1;28;0;-72;-132;8
09-02-23 19:36;1;28;0;-72;-132;8
09-02-23 19:46;1;28;0;-73;-133;8
09-02-23 19:56;1;28;0;-73;-134;8
09-02-23 20:06;1;32;0;-73;-134;8
09-02-23 20:16;1;32;0;-74;-135;8
09-02-23 20:26;1;32;0;-75;-136;8
09-02-23 20:36;1;32;0;-75;-136;8
09-02-23 20:46;1;32;0;-76;-138;8
09-02-23 20:56;1;32;0;-76;-138;8
09-02-23 21:06;1;32;0;-77;-138;8
09-02-23 21:16;1;32;0;-77;-140;8
09-02-23 21:26;1;32;0;-78;-140;8
09-02-23 21:36;1;32;0;-78;-140;8
09-02-23 21:46;1;32;0;-79;-142;8
09-02-23 21:56;1;32;0;-79;-142;8
09-02-23 22:06;1;32;0;-80;-142;8
09-02-23 22:16;1;32;0;-80;-144;8
09-02-23 22:26;1;32;0;-81;-144;8
09-02-23 22:36;1;32;0;-82;-145;8
09-02-23 22:46;1;32;0;-82;-146;8
09-02-23 22:56;1;32;0;-83;-146;8
09-02-23 23:06;1;32;0;-83;-148;8
09-02-23 23:16;1;32;0;-83;-148;8
09-02-23 23:26;1;32;0;-84;-148;8
09-02-23 23:36;1;32;0;-84;-150;8
09-02-23 23:46;1;32;0;-85;-150;8
09-02-23 23:56;1;32;0;-85;-150;8
10-02-23 00:06;1;32;0;-85;-152;8
10-02-23 00:16;1;32;0;-86;-152;8
10-02-23 00:26;1;32;0;-87;-153;8
10-02-23 00:36;1;32;0;-87;-154;8
10-02-23 00:46;1;32;0;-87;-154;8
10-02-23 00:56;1;32;0;-87;-156;8
10-02-23 01:06;1;32;0;-89;-156;8
10-02-23 01:16;1;32;0;-89;-156;8
10-02-23 01:26;1;32;0;-90;-157;8
10-02-23 01:36;1;32;0;-90;-158;8
10-02-23 01:46;1;32;0;-90;-158;8
10-02-23 01:56;1;32;0;-90;-158;8
10-02-23 02:06;1;32;0;-90;-159;8
10-02-23 02:16;1;32;0;-90;-160;8
10-02-23 02:26;1;32;0;-90;-160;8
10-02-23 02:36;1;32;0;-90;-161;8
10-02-23 02:46;1;32;0;-90;-162;8
10-02-23 02:56;1;32;0;-90;-162;8
10-02-23 03:06;1;32;0;-93;-163;8
10-02-23 03:16;1;32;0;-93;-164;8
10-02-23 03:26;1;32;0;-93;-164;8
10-02-23 03:36;1;32;0;-93;-165;8
10-02-23 03:46;1;32;0;-94;-165;8
10-02-23 03:56;1;32;0;-94;-166;8
10-02-23 04:06;1;32;0;-94;-167;8
10-02-23 04:16;1;32;0;-94;-168;8
10-02-23 04:26;1;32;0;-96;-168;8
10-02-23 04:36;1;32;0;-96;-169;8
10-02-23 04:46;1;32;0;-96;-169;8
10-02-23 04:56;1;32;0;-97;-170;8
10-02-23 05:06;1;32;0;-97;-171;8
10-02-23 05:16;1;32;0;-97;-171;8
10-02-23 05:26;1;32;0;-97;-172;8
10-02-23 05:36;1;32;0;-97;-173;8
10-02-23 05:46;1;32;0;-97;-173;8
10-02-23 05:56;1;32;0;-97;-174;8
10-02-23 06:06;1;32;0;-99;-175;8
10-02-23 06:16;1;32;0;-99;-175;8
10-02-23 06:26;1;32;0;-99;-176;8
10-02-23 06:36;1;32;0;-99;-176;8
10-02-23 06:46;1;32;0;-99;-177;8
10-02-23 06:56;1;32;0;-99;-177;8
10-02-23 07:06;1;32;0;-99;-178;8
10-02-23 07:16;1;32;0;-99;-179;8
10-02-23 07:26;1;32;0;-99;-179;8
10-02-23 07:36;1;32;0;-99;-180;8
10-02-23 07:46;1;32;0;-99;-181;8
10-02-23 07:56;1;32;0;-99;-181;8
10-02-23 08:06;1;32;0;-99;-182;8
10-02-23 08:16;1;32;0;-99;-183;8
10-02-23 08:26;1;32;0;-103;-184;8
10-02-23 08:36;1;32;0;-103;-184;8
10-02-23 08:46;1;32;0;-103;-185;8
10-02-23 08:56;1;32;0;-103;-185;8
10-02-23 09:06;1;32;0;-103;-185;8
10-02-23 09:16;1;32;0;-103;-186;8
10-02-23 09:26;1;32;0;-105;-186;8
10-02-23 09:36;1;32;0;-105;-187;8
10-02-23 09:46;1;32;0;-105;-188;8
10-02-23 09:56;1;32;0;-106;-189;8
10-02-23 10:06;1;32;0;-106;-189;8
10-02-23 10:16;1;32;0;-106;-190;8
10-02-23 10:26;1;32;0;-106;-191;8
10-02-23 10:36;1;32;0;-106;-191;8
10-02-23 10:46;1;51;0;-106;-192;8
10-02-23 10:56;1;51;0;-108;-192;8
10-02-23 11:06;1;51;0;-108;-193;8
10-02-23 11:16;1;51;0;-108;-194;8
10-02-23 11:26;1;51;0;-108;-194;8
10-02-23 11:36;1;51;0;-108;-196;8
10-02-23 11:46;1;51;0;-108;-196;8
10-02-23 11:56;1;51;0;-108;-197;8
10-02-23 12:06;1;51;0;-108;-198;8
10-02-23 12:16;1;51;0;-108;-199;8
10-02-23 12:26;1;51;0;-108;-200;8
10-02-23 12:36;1;51;0;-108;-200;8
10-02-23 12:46;1;51;0;-108;-201;8
10-02-23 12:56;1;51;0;-108;-202;8
10-02-23 13:06;1;51;0;-108;-202;8
10-02-23 13:16;1;51;0;-108;-203;8
10-02-23 13:26;1;51;0;-108;-204;8
10-02-23 13:36;1;51;0;-108;-205;8
10-02-23 13:46;1;51;0;-108;-206;8
10-02-23 13:56;1;51;0;-108;-207;8
10-02-23 14:06;1;51;0;-108;-208;8
10-02-23 14:16;1;51;0;-108;-209;8
10-02-23 14:26;1;51;0;-108;-210;8
10-02-23 14:36;1;51;0;-108;-210;8
10-02-23 14:46;1;51;0;-108;-212;8
10-02-23 14:56;1;51;0;-108;-212;8
10-02-23 15:06;1;51;0;-108;-214;8
10-02-23 15:16;1;51;0;-108;-214;8
10-02-23 15:26;1;51;0;-108;-216;8
10-02-23 15:36;1;51;0;-108;-216;8
10-02-23 15:46;1;51;0;-108;-216;8
10-02-23 15:56;1;51;0;-108;-217;8
10-02-23 16:06;1;51;0;-108;-218;8
10-02-23 16:16;1;51;0;-108;-218;8
10-02-23 16:26;1;51;0;-108;-218;8
10-02-23 16:36;1;51;0;-108;-218;8
10-02-23 16:46;1;51;0;-108;-220;8
10-02-23 16:56;1;51;0;-108;-220;8
10-02-23 17:06;1;51;0;-108;-220;8
10-02-23 17:16;1;51;0;-108;-222;8
10-02-23 17:26;-154;85;-29;-140;-116;114
10-02-23 17:36;-154;85;-28;-140;-116;114
10-02-23 17:46;-154;86;-27;-140;-117;114
10-02-23 17:56;-154;86;-26;-140;-117;114
10-02-23 18:06;-153;86;-26;-141;-118;114
10-02-23 18:16;-152;87;-25;-141;-119;114
10-02-23 18:26;-151;87;-24;-141;-120;114
10-02-23 18:36;-151;87;-23;-141;-120;114
10-02-23 18:46;-150;87;-23;-142;-120;114
10-02-23 18:56;-149;88;-23;-142;-121;114
10-02-23 19:06;-149;88;-22;-142;-121;114
10-02-23 19:16;-148;88;-21;-142;-122;114
10-02-23 19:26;-147;88;-21;-143;-122;114
10-02-23 19:36;-147;89;-20;-143;-123;114
10-02-23 19:46;-146;89;-19;-143;-124;114
10-02-23 19:56;-145;90;-19;-144;-124;114
10-02-23 20:06;-144;90;-18;-144;-125;114
10-02-23 20:16;-143;91;-17;-144;-126;114
10-02-23 20:26;-143;91;-17;-144;-126;114
10-02-23 20:36;-141;92;-16;-145;-127;114
10-02-23 20:46;-141;92;-15;-145;-128;114
10-02-23 20:56;-140;92;-14;-146;-129;114
10-02-23 21:06;-139;92;-13;-146;-129;114
10-02-23 21:16;-138;93;-12;-147;-130;114
10-02-23 21:26;-137;93;-11;-147;-130;114
10-02-23 21:36;-136;94;-11;-147;-132;114
10-02-23 21:46;-135;94;-10;-147;-132;114
10-02-23 21:56;-134;94;-9;-148;-132;114
10-02-23 22:06;-133;94;-9;-148;-134;114
10-02-23 22:16;-132;95;-8;-149;-134;114
10-02-23 22:26;-131;96;-7;-149;-136;114
10-02-23 22:36;-130;96;-6;-150;-136;114
10-02-23 22:46;-129;96;-5;-150;-136;114
10-02-23 22:56;-127;97;-5;-151;-137;114
10-02-23 23:06;-127;98;-4;-151;-138;114
10-02-23 23:16;-125;98;-3;-151;-138;114
10-02-23 23:26;-125;98;-3;-151;-138;114
10-02-23 23:36;-124;98;-2;-152;-140;114
10-02-23 23:46;-123;98;-1;-152;-140;114
10-02-23 23:56;-122;99;0;-153;-140;114
11-02-23 00:06;-121;99;1;-153;-141;114
11-02-23 00:16;-120;100;2;-153;-142;114
11-02-23 00:26;-119;100;2;-153;-142;114
11-02-23 00:36;-119;100;3;-154;-142;114
11-02-23 00:46;-118;100;4;-154;-144;114
11-02-23 00:56;-117;101;5;-154;-144;114
11-02-23 01:06;-117;101;5;-155;-144;114
11-02-23 01:16;-116;102;6;-155;-144;114
11-02-23 01:26;-115;102;7;-155;-145;114
11-02-23 01:36;-115;102;7;-155;-146;114
11-02-23 01:46;-113;103;8;-156;-146;114
11-02-23 01:56;-113;103;8;-156;-146;114
11-02-23 02:06;-112;103;9;-156;-146;114
11-02-23 02:16;-111;103;10;-156;-148;114
11-02-23 02:26;-111;103;10;-157;-148;114
11-02-23 02:36;-111;103;11;-157;-148;114
11-02-23 02:46;-109;103;11;-157;-148;114
11-02-23 02:56;-109;103;12;-157;-148;114
11-02-23 03:06;-108;103;13;-158;-149;114
11-02-23 03:16;-107;104;13;-158;-150;114
11-02-23 03:26;-107;104;14;-158;-150;114
11-02-23 03:36;-106;104;15;-159;-150;114
11-02-23 03:46;-105;105;15;-159;-150;114
11-02-23 03:56;-104;105;16;-159;-152;114
11-02-23 04:06;-103;105;17;-159;-152;114
11-02-23 04:16;-103;106;17;-159;-152;114
11-02-23 04:26;-102;106;18;-159;-152;114
11-02-23 04:36;-101;106;19;-159;-152;114
11-02-23 04:46;-100;106;19;-160;-153;114
11-02-23 04:56;-99;107;20;-160;-154;114
11-02-23 05:06;-99;107;21;-161;-154;114
11-02-23 05:16;-98;107;21;-161;-154;114
11-02-23 05:26;-97;107;22;-161;-154;114
11-02-23 05:36;-97;107;23;-161;-155;114
11-02-23 05:46;-96;108;23;-161;-156;114
11-02-23 05:56;-95;108;24;-161;-156;114
11-02-23 06:06;-94;108;24;-162;-156;114
11-02-23 06:16;-93;108;25;-162;-156;114
11-02-23 06:26;-93;108;25;-162;-156;114
11-02-23 06:36;-93;108;25;-162;-156;114
11-02-23 06:46;-92;108;25;-162;-156;114
11-02-23 06:56;-91;109;27;-162;-157;114
11-02-23 07:06;-90;109;27;-162;-158;114
11-02-23 07:16;-89;109;28;-162;-158;114
11-02-23 07:26;-89;109;28;-163;-158;114
11-02-23 07:36;-88;110;29;-163;-158;114
11-02-23 07:46;-87;110;29;-163;-159;114
11-02-23 07:56;-86;110;30;-163;-160;114
11-02-23 08:06;-85;110;31;-164;-160;114
11-02-23 08:16;-85;110;31;-164;-160;114
11-02-23 08:26;-84;110;32;-164;-161;114
11-02-23 08:36;-83;110;33;-165;-162;114
11-02-23 08:46;-82;110;33;-165;-162;114
11-02-23 08:56;-81;110;34;-165;-162;114
11-02-23 09:06;-80;110;34;-165;-163;114
11-02-23 09:16;-79;110;35;-165;-164;114
11-02-23 09:26;-79;112;36;-165;-164;114
11-02-23 09:36;-78;112;37;-166;-164;114
11-02-23 09:46;-77;112;37;-166;-164;114
11-02-23 09:56;-76;112;38;-167;-165;114
11-02-23 10:06;-75;112;39;-167;-166;114
11-02-23 10:16;-74;112;40;-167;-166;114
11-02-23 10:26;-73;112;40;-167;-167;114
11-02-23 10:36;-72;112;41;-168;-167;114
11-02-23 10:46;-71;113;41;-168;-168;114
11-02-23 10:56;-71;113;41;-168;-168;114
11-02-23 11:06;-70;113;42;-168;-168;114
11-02-23 11:16;-69;113;42;-168;-169;114
11-02-23 11:26;-68;113;44;-168;-169;114
11-02-23 11:36;-67;113;45;-168;-169;114
11-02-23 11:46;-66;113;45;-168;-169;114
11-02-23 11:56;-65;114;46;-168;-170;114
11-02-23 12:06;-64;114;47;-168;-171;114
11-02-23 12:16;-63;114;47;-169;-171;114
11-02-23 12:26;-62;114;48;-169;-172;114
11-02-23 12:36;-61;116;49;-169;-172;114
11-02-23 12:46;-60;116;50;-170;-173;114
11-02-23 12:56;-59;116;51;-170;-173;114
11-02-23 13:06;-57;116;52;-171;-174;114
11-02-23 13:16;-57;116;53;-171;-174;114
11-02-23 13:26;-56;116;53;-171;-175;114
11-02-23 13:36;-55;116;54;-171;-175;114
11-02-23 13:46;-54;117;55;-172;-176;114
11-02-23 13:56;-53;117;56;-172;-176;114
11-02-23 14:06;-52;117;56;-173;-177;114
11-02-23 14:16;-51;117;57;-173;-177;114
11-02-23 14:26;-50;118;58;-173;-178;114
11-02-23 14:36;-49;118;58;-173;-178;114
11-02-23 14:46;-49;118;59;-174;-179;114
11-02-23 14:56;-47;118;60;-174;-179;114
11-02-23 15:06;-47;118;61;-174;-179;114
11-02-23 15:16;-46;118;61;-175;-180;114
11-02-23 15:26;-45;118;62;-175;-180;114
11-02-23 15:36;-45;119;63;-175;-181;114
11-02-23 15:46;-43;119;64;-176;-181;114
11-02-23 15:56;-43;119;65;-176;-181;114
11-02-23 16:06;-42;119;65;-176;-182;114
11-02-23 16:16;-41;119;66;-176;-182;114
11-02-23 16:26;-41;119;67;-176;-183;114
11-02-23 16:36;-40;119;67;-176;-183;114
11-02-23 16:46;-39;119;67;-177;-184;114
11-02-23 16:56;-39;119;68;-177;-184;114
11-02-23 17:06;-38;119;69;-177;-185;114
11-02-23 17:16;-37;119;69;-177;-185;114
11-02-23 17:26;-37;119;70;-177;-185;114
11-02-23 17:36;-36;119;71;-178;-186;114
11-02-23 17:46;-35;119;71;-178;-186;114
11-02-23 17:56;-35;119;72;-178;-186;114
11-02-23 18:06;-34;119;72;-178;-186;114
11-02-23 18:16;-33;119;73;-178;-187;114
11-02-23 18:26;-33;119;73;-178;-187;114
11-02-23 18:36;-32;119;73;-178;-187;114
11-02-23 18:46;-31;119;74;-178;-188;114
11-02-23 18:56;-31;119;74;-178;-188;114
11-02-23 19:06;-30;119;75;-179;-188;114
11-02-23 19:16;-29;119;75;-179;-189;114
11-02-23 19:26;-29;119;75;-179;-189;114
11-02-23 19:36;-29;119;76;-179;-189;114
11-02-23 19:46;-28;123;76;-179;-189;114
11-02-23 19:56;-27;123;77;-179;-190;114
11-02-23 20:06;-27;123;77;-179;-190;114
11-02-23 20:16;-26;123;78;-179;-190;114
11-02-23 20:26;-25;123;78;-180;-191;114
11-02-23 20:36;-25;123;79;-180;-191;114
11-02-23 20:46;-24;123;79;-180;-191;114
11-02-23 20:56;-23;123;80;-180;-192;114
11-02-23 21:06;-22;123;81;-181;-192;114
11-02-23 21:16;-22;123;81;-181;-193;114
11-02-23 21:26;-21;123;82;-181;-193;114
11-02-23 21:36;-20;123;83;-181;-193;114
11-02-23 21:46;-19;123;83;-182;-194;114
11-02-23 21:56;-19;123;83;-182;-194;114
11-02-23 22:06;-18;123;84;-182;-194;114
11-02-23 22:16;-17;126;85;-182;-195;114
11-02-23 22:26;-17;126;85;-183;-196;114
11-02-23 22:36;-16;126;86;-183;-196;114
11-02-23 22:46;-15;126;87;-183;-196;114
11-02-23 22:56;-14;126;87;-183;-197;114
11-02-23 23:06;-13;126;88;-183;-197;114
11-02-23 23:16;-13;126;89;-183;-197;114
11-02-23 23:26;-12;126;89;-184;-198;114
11-02-23 23:36;-11;126;90;-184;-198;114
11-02-23 23:46;-11;127;91;-184;-198;114
11-02-23 23:56;-9;127;91;-184;-199;114
12-02-23 00:06;-9;127;92;-185;-200;114
12-02-23 00:16;-8;127;93;-185;-200;114
12-02-23 00:26;-7;127;93;-185;-200;114
12-02-23 00:36;-6;127;94;-186;-200;114
12-02-23 00:46;-6;127;95;-186;-201;114
12-02-23 00:56;-5;127;95;-186;-201;114
12-02-23 01:06;-4;127;96;-186;-202;114
12-02-23 01:16;-3;129;97;-187;-202;114
12-02-23 01:26;-3;129;97;-187;-202;114
12-02-23 01:36;-2;129;97;-187;-202;114
12-02-23 01:46;-1;129;97;-187;-202;114
12-02-23 01:56;-1;129;98;-187;-203;114
12-02-23 02:06;0;129;99;-187;-203;114
12-02-23 02:16;0;129;99;-187;-203;114
12-02-23 02:26;1;129;100;-187;-203;114
12-02-23 02:36;1;129;100;-187;-204;114
12-02-23 02:46;2;129;101;-187;-204;114
12-02-23 02:56;3;129;101;-187;-204;114
12-02-23 03:06;3;129;102;-187;-204;114
12-02-23 03:16;4;129;102;-187;-204;114
12-02-23 03:26;5;129;102;-187;-204;114
12-02-23 03:36;5;129;103;-187;-205;114
12-02-23 03:46;6;129;103;-187;-205;114
12-02-23 03:56;7;129;104;-187;-205;114
12-02-23 04:06;7;129;104;-187;-205;114
12-02-23 04:16;8;129;105;-187;-206;114
12-02-23 04:26;9;129;105;-187;-206;114
12-02-23 04:36;9;129;105;-187;-206;114
12-02-23 04:46;10;128;106;-188;-206;114
12-02-23 04:56;11;130;106;-188;-206;114
12-02-23 05:06;11;130;107;-188;-206;114
12-02-23 05:16;12;130;107;-188;-207;114
12-02-23 05:26;12;130;108;-188;-207;114
12-02-23 05:36;13;130;108;-188;-207;114
12-02-23 05:46;13;130;109;-188;-208;114
12-02-23 05:56;14;130;109;-188;-208;114
12-02-23 06:06;14;130;109;-188;-208;114
12-02-23 06:16;15;130;109;-188;-208;114
12-02-23 06:26;15;130;109;-188;-208;114
12-02-23 06:36;15;130;109;-188;-208;114
12-02-23 06:46;15;130;109;-188;-208;114
12-02-23 06:56;16;130;109;-188;-208;114
12-02-23 07:06;17;130;110;-188;-208;114
12-02-23 07:16;17;130;110;-188;-208;114
12-02-23 07:26;18;130;111;-188;-208;114
12-02-23 07:36;19;130;111;-188;-208;114
12-02-23 07:46;19;130;112;-188;-208;114
12-02-23 07:56;20;130;112;-188;-209;114
12-02-23 08:06;21;130;113;-188;-209;114
12-02-23 08:16;21;130;114;-188;-209;114
12-02-23 08:26;22;130;115;-190;-210;114
12-02-23 08:36;23;130;115;-190;-210;114
12-02-23 08:46;24;130;116;-190;-210;114
12-02-23 08:56;25;130;116;-190;-210;114
12-02-23 09:06;25;130;117;-190;-210;114
12-02-23 09:16;26;130;118;-190;-211;114
12-02-23 09:26;27;130;118;-190;-212;114
12-02-23 09:36;27;132;119;-190;-212;114
12-02-23 09:46;28;132;119;-190;-212;114
12-02-23 09:56;29;132;120;-190;-212;114
12-02-23 10:06;29;132;121;-190;-212;114
12-02-23 10:16;31;132;121;-190;-212;114
12-02-23 10:26;31;132;121;-190;-212;114
12-02-23 10:36;31;132;122;-190;-212;114
12-02-23 10:46;33;132;123;-190;-213;114
12-02-23 10:56;33;132;123;-190;-213;114
12-02-23 11:06;34;132;124;-190;-213;114
12-02-23 11:16;35;132;124;-190;-214;114
12-02-23 11:26;35;132;125;-190;-214;114
12-02-23 11:36;37;132;126;-190;-214;114
12-02-23 11:46;37;132;126;-190;-214;114
12-02-23 11:56;39;132;127;-191;-214;114
12-02-23 12:06;39;132;128;-191;-214;114
12-02-23 12:16;41;132;129;-191;-216;114
12-02-23 12:26;41;132;130;-191;-216;114
12-02-23 12:36;43;132;131;-191;-216;114
12-02-23 12:46;43;132;131;-191;-216;114
12-02-23 12:56;44;132;133;-191;-217;114
12-02-23 13:06;45;134;133;-191;-218;114
12-02-23 13:16;47;134;134;-192;-218;114
12-02-23 13:26;47;134;135;-192;-218;114
12-02-23 13:36;49;134;136;-192;-218;114
12-02-23 13:46;49;134;137;-192;-218;114
12-02-23 13:56;51;134;137;-192;-220;114
12-02-23 14:06;51;134;138;-192;-220;114
12-02-23 14:16;53;134;138;-192;-220;114
12-02-23 14:26;53;134;140;-193;-220;114
12-02-23 14:36;55;134;140;-193;-220;114
12-02-23 14:46;55;134;141;-193;-221;114
12-02-23 14:56;56;134;142;-193;-222;114
12-02-23 15:06;57;135;143;-194;-222;114
12-02-23 15:16;58;135;143;-194;-222;114
12-02-23 15:26;59;135;145;-194;-222;114
12-02-23 15:36;59;135;145;-194;-222;114
12-02-23 15:46;61;135;146;-194;-224;114
12-02-23 15:56;61;135;147;-194;-224;114
12-02-23 16:06;62;135;147;-194;-224;114
12-02-23 16:16;63;135;148;-194;-224;114
12-02-23 16:26;63;135;149;-194;-224;114
12-02-23 16:36;64;135;149;-194;-224;114
12-02-23 16:46;65;135;149;-194;-224;114
12-02-23 16:56;65;135;151;-194;-224;114
12-02-23 17:06;66;135;151;-194;-225;114
12-02-23 17:16;67;135;151;-194;-226;114
12-02-23 17:26;67;135;152;-194;-226;114
12-02-23 17:36;68;136;153;-194;-226;114
12-02-23 17:46;69;136;153;-195;-226;114
12-02-23 17:56;70;136;154;-195;-226;114
12-02-23 18:06;71;136;154;-195;-226;114
12-02-23 18:16;71;136;155;-195;-227;114
12-02-23 18:26;72;136;155;-195;-227;114
12-02-23 18:36;73;136;155;-195;-228;114
12-02-23 18:46;73;136;156;-195;-228;114
12-02-23 18:56;74;136;157;-195;-228;114
12-02-23 19:06;75;136;157;-195;-228;114
12-02-23 19:16;75;136;157;-195;-228;114
12-02-23 19:26;76;136;158;-195;-228;114
12-02-23 19:36;77;136;158;-195;-228;114
12-02-23 19:46;77;136;159;-195;-228;114
12-02-23 19:56;78;136;160;-195;-229;114
12-02-23 20:06;79;136;160;-195;-229;114
12-02-23 20:16;79;146;161;-195;-230;114
12-02-23 20:26;80;146;161;-195;-230;114
12-02-23 20:36;81;146;162;-196;-230;114
12-02-23 20:46;82;146;162;-196;-230;114
12-02-23 20:56;83;146;163;-196;-230;114
12-02-23 21:06;84;146;163;-196;-230;114
12-02-23 21:16;84;146;164;-196;-231;114
12-02-23 21:26;85;146;165;-196;-232;114
12-02-23 21:36;86;146;165;-196;-232;114
12-02-23 21:46;87;146;165;-196;-232;114
12-02-23 21:56;87;146;166;-197;-232;114
12-02-23 22:06;88;146;166;-197;-232;114
12-02-23 22:16;89;146;167;-197;-232;114
12-02-23 22:26;90;147;168;-197;-233;114
12-02-23 22:36;91;147;169;-197;-234;114
12-02-23 22:46;92;147;169;-197;-234;114
12-02-23 22:56;93;147;170;-198;-234;114
12-02-23 23:06;93;147;171;-198;-234;114
12-02-23 23:16;94;147;171;-198;-234;114
12-02-23 23:26;95;147;171;-198;-234;114
12-02-23 23:36;96;147;172;-198;-236;114
12-02-23 23:46;97;147;173;-198;-236;114
12-02-23 23:56;97;147;173;-198;-236;114
13-02-23 00:06;98;148;174;-198;-236;114
13-02-23 00:16;99;148;174;-198;-236;114
13-02-23 00:26;99;148;175;-198;-236;114
13-02-23 00:36;100;148;175;-198;-236;114
13-02-23 00:46;101;148;176;-198;-237;114
13-02-23 00:56;101;148;177;-198;-237;114
13-02-23 01:06;102;148;177;-198;-238;114
13-02-23 01:16;103;148;177;-198;-238;114
13-02-23 01:26;103;148;178;-198;-238;114
13-02-23 01:36;104;148;178;-199;-238;114
13-02-23 01:46;105;148;179;-199;-238;114
13-02-23 01:56;105;148;180;-199;-238;114
13-02-23 02:06;106;148;180;-199;-238;114
13-02-23 02:16;107;148;180;-199;-238;114
13-02-23 02:26;107;148;181;-199;-239;114
13-02-23 02:36;108;148;182;-199;-239;114
13-02-23 02:46;109;148;181;-199;-239;114
13-02-23 02:56;109;148;182;-199;-240;114
13-02-23 03:06;110;148;183;-199;-240;114
13-02-23 03:16;111;148;183;-199;-240;114
13-02-23 03:26;111;148;184;-199;-240;114
13-02-23 03:36;111;150;184;-199;-240;114
13-02-23 03:46;112;150;185;-199;-240;114
13-02-23 03:56;113;150;185;-199;-240;114
13-02-23 04:06;113;150;185;-199;-240;114
13-02-23 04:16;114;150;186;-199;-241;114
13-02-23 04:26;115;150;187;-199;-241;114
13-02-23 04:36;115;150;187;-199;-241;114
13-02-23 04:46;115;150;187;-199;-241;114
13-02-23 04:56;117;150;188;-199;-242;114
13-02-23 05:06;117;150;189;-199;-242;114
13-02-23 05:16;117;150;189;-199;-242;114
13-02-23 05:26;118;150;189;-199;-242;114
13-02-23 05:36;119;150;190;-199;-242;114
13-02-23 05:46;119;150;191;-199;-242;114
13-02-23 05:56;119;150;191;-199;-242;114
13-02-23 06:06;120;150;191;-199;-243;114
13-02-23 06:16;121;150;192;-199;-243;114
13-02-23 06:26;121;150;192;-199;-243;114
13-02-23 06:36;121;150;192;-199;-243;114
13-02-23 06:46;121;150;192;-199;-243;114
13-02-23 06:56;121;150;192;-199;-243;114
13-02-23 07:06;122;150;197;-199;-243;114
13-02-23 07:16;123;150;197;-199;-243;114
13-02-23 07:26;123;150;198;-199;-243;114
13-02-23 07:36;123;150;198;-199;-244;114
13-02-23 07:46;124;150;199;-200;-244;114
13-02-23 07:56;125;150;199;-200;-244;114
13-02-23 08:06;125;150;200;-200;-244;114
13-02-23 08:16;125;151;200;-200;-244;114
13-02-23 08:26;127;151;201;-201;-244;114
13-02-23 08:36;127;151;201;-201;-244;114
13-02-23 08:46;127;151;202;-201;-244;114
13-02-23 08:56;128;151;202;-201;-244;114
13-02-23 09:06;129;151;202;-201;-244;114
13-02-23 09:16;129;151;203;-201;-244;114
13-02-23 09:26;130;151;203;-201;-245;114
13-02-23 09:36;131;151;204;-201;-245;114
13-02-23 09:46;131;151;204;-201;-245;114
13-02-23 09:56;131;151;205;-201;-245;114
13-02-23 10:06;132;151;205;-201;-245;114
13-02-23 10:16;133;151;205;-201;-245;114
13-02-23 10:26;133;151;206;-201;-245;114
13-02-23 10:36;133;151;206;-201;-245;114
13-02-23 10:46;135;151;206;-201;-245;114
13-02-23 10:56;135;151;207;-201;-245;114
13-02-23 11:06;136;151;208;-201;-245;114
13-02-23 11:16;137;151;209;-201;-246;115
13-02-23 11:26;137;151;209;-201;-246;115
13-02-23 11:36;138;151;209;-201;-246;115
13-02-23 11:46;139;151;210;-201;-246;115
13-02-23 11:56;139;151;210;-201;-246;115
13-02-23 12:06;139;151;210;-201;-246;115
13-02-23 12:16;141;151;211;-201;-246;115
13-02-23 12:26;141;151;212;-201;-246;115
13-02-23 12:36;143;151;213;-201;-247;115
13-02-23 12:46;143;151;214;-201;-247;115
13-02-23 12:56;145;151;215;-201;-247;115
13-02-23 13:06;145;151;215;-201;-247;115
13-02-23 13:17;147;151;217;-201;-248;115
13-02-23 13:27;147;151;218;-201;-248;115
13-02-23 13:37;149;151;218;-201;-248;115
13-02-23 13:47;150;151;219;-201;-249;115
13-02-23 13:57;151;151;220;-201;-249;115
13-02-23 14:07;151;151;221;-201;-249;115
13-02-23 14:17;152;151;222;-201;-249;115
13-02-23 14:27;153;151;222;-201;-249;115
13-02-23 14:37;154;151;223;-201;-249;115
13-02-23 14:47;155;151;224;-201;-250;115
13-02-23 14:57;156;151;224;-201;-250;115
13-02-23 15:07;156;151;225;-201;-250;115
13-02-23 15:17;157;151;225;-201;-250;115
13-02-23 15:27;158;151;226;-201;-250;115
13-02-23 15:37;159;151;227;-201;-251;115
13-02-23 15:47;160;152;228;-201;-251;114
13-02-23 15:57;160;152;229;-201;-251;114
13-02-23 16:07;161;152;229;-201;-251;114
13-02-23 16:17;162;152;230;-201;-251;114
13-02-23 16:27;163;152;231;-201;-251;114
13-02-23 16:37;164;152;231;-201;-252;114
13-02-23 16:47;165;152;232;-201;-252;114
13-02-23 16:57;165;152;233;-202;-252;114
13-02-23 17:07;166;152;233;-202;-252;114
13-02-23 17:17;167;152;234;-202;-252;114
13-02-23 17:27;168;152;235;-202;-253;114
13-02-23 17:37;168;152;235;-202;-253;114
13-02-23 17:47;169;152;236;-202;-253;114
13-02-23 17:57;170;152;237;-202;-253;114
13-02-23 18:07;171;152;237;-202;-253;114
13-02-23 18:17;171;152;238;-202;-253;114
13-02-23 18:27;172;153;239;-202;-254;114
13-02-23 18:37;173;153;239;-202;-254;114
13-02-23 18:47;173;153;240;-202;-255;114
13-02-23 18:57;174;153;240;-203;-255;114
13-02-23 19:07;175;153;241;-203;-255;114
13-02-23 19:17;176;154;242;-203;-255;114
13-02-23 19:27;177;154;242;-203;-255;114
13-02-23 19:37;177;154;243;-203;-256;114
13-02-23 19:47;178;154;244;-204;-256;114
13-02-23 19:57;179;154;245;-204;-256;114
13-02-23 20:07;179;154;245;-204;-256;114
13-02-23 20:17;180;154;246;-204;-256;114
13-02-23 20:27;181;154;247;-204;-257;114
13-02-23 20:37;181;155;247;-204;-257;114
13-02-23 20:47;182;155;248;-204;-257;114
13-02-23 20:57;183;155;248;-204;-257;114
13-02-23 21:07;183;155;249;-204;-257;114
13-02-23 21:17;184;155;250;-204;-257;114
13-02-23 21:27;185;155;250;-204;-257;114
13-02-23 21:37;185;155;251;-204;-258;114
13-02-23 21:47;186;155;251;-205;-258;114
13-02-23 21:57;187;155;252;-205;-258;114
13-02-23 22:07;187;155;253;-205;-259;114
13-02-23 22:17;189;156;254;-205;-259;114
13-02-23 22:27;189;156;255;-206;-259;114
13-02-23 22:37;190;156;255;-206;-259;114
13-02-23 22:47;191;156;256;-206;-260;114
13-02-23 22:57;191;156;257;-206;-260;114
13-02-23 23:07;191;156;257;-206;-260;114
13-02-23 23:17;193;156;258;-206;-260;114
13-02-23 23:27;193;157;258;-206;-260;114
13-02-23 23:37;193;157;259;-206;-260;114
13-02-23 23:47;194;157;260;-206;-261;114
13-02-23 23:57;195;157;261;-207;-261;114
14-02-23 00:07;195;157;261;-207;-261;114
14-02-23 00:17;196;158;262;-207;-261;114
14-02-23 00:27;197;158;263;-207;-261;114
14-02-23 00:37;197;158;263;-207;-262;114
14-02-23 00:47;197;158;276;-207;-262;114
14-02-23 00:57;198;158;276;-207;-262;114
14-02-23 01:07;199;159;277;-207;-262;114
14-02-23 01:17;199;159;278;-207;-262;114
14-02-23 01:27;199;159;278;-207;-262;114
14-02-23 01:37;200;159;279;-207;-262;114
14-02-23 01:47;201;159;279;-207;-263;114
14-02-23 01:57;201;159;280;-208;-263;114
14-02-23 02:07;201;159;280;-208;-263;114
14-02-23 02:17;202;159;281;-208;-263;114
14-02-23 02:27;203;159;281;-208;-263;114
14-02-23 02:37;203;159;282;-208;-263;114
14-02-23 02:47;203;159;282;-208;-264;114
14-02-23 02:57;204;159;283;-208;-264;114
14-02-23 03:07;204;159;284;-208;-264;114
14-02-23 03:17;205;159;285;-208;-264;114
14-02-23 03:27;205;159;285;-208;-264;114
14-02-23 03:37;206;159;285;-209;-264;114
14-02-23 03:47;207;159;286;-209;-264;114
14-02-23 03:57;207;159;287;-209;-264;114
14-02-23 04:07;207;159;287;-209;-265;114
14-02-23 04:17;208;159;288;-209;-265;114
14-02-23 04:27;209;159;288;-209;-265;114
14-02-23 04:37;209;160;289;-209;-265;114
14-02-23 04:47;209;160;289;-209;-265;114
14-02-23 04:57;210;160;290;-209;-265;114
14-02-23 05:07;211;160;291;-209;-265;114
14-02-23 05:17;211;160;291;-209;-265;114
14-02-23 05:27;211;160;292;-209;-265;114
14-02-23 05:37;212;160;293;-209;-266;114
14-02-23 05:47;213;160;293;-209;-266;114
14-02-23 05:57;213;160;294;-209;-266;114
14-02-23 06:07;214;160;295;-209;-266;114
14-02-23 06:17;214;160;295;-210;-266;114
14-02-23 06:27;215;160;296;-210;-266;114
14-02-23 06:37;215;160;296;-210;-266;114
14-02-23 06:47;215;160;297;-210;-266;114
14-02-23 06:57;216;160;297;-210;-266;114
14-02-23 07:07;216;160;298;-210;-266;114
14-02-23 07:17;217;160;299;-210;-266;114
14-02-23 07:27;217;160;299;-210;-266;114
14-02-23 07:37;218;160;300;-210;-267;114
14-02-23 07:47;218;160;301;-210;-267;114
14-02-23 07:57;219;160;301;-210;-267;114
14-02-23 08:07;219;160;302;-210;-267;114
14-02-23 08:17;219;162;302;-210;-267;114
14-02-23 08:27;220;162;303;-210;-267;114
14-02-23 08:37;221;162;303;-210;-267;114
14-02-23 08:47;221;162;304;-210;-268;114
14-02-23 08:57;221;162;305;-210;-268;114
14-02-23 09:07;221;162;305;-210;-268;114
14-02-23 09:17;222;162;306;-210;-268;114
14-02-23 09:27;222;162;329;116;191;118
14-02-23 09:37;235;-83;330;116;190;119
14-02-23 09:47;235;-82;331;116;189;120
14-02-23 09:57;236;-82;331;115;188;121
14-02-23 10:07;236;-81;332;115;188;122
14-02-23 10:17;237;-80;332;114;187;123
14-02-23 10:27;237;-78;333;113;186;124
14-02-23 10:37;237;-78;333;113;186;124
14-02-23 10:47;238;-76;334;112;184;125
14-02-23 10:57;239;-76;335;111;184;126
14-02-23 11:07;239;-75;336;111;184;127
14-02-23 11:17;240;-74;336;110;182;127
14-02-23 11:27;240;-74;337;109;182;128
14-02-23 11:37;241;-72;337;108;180;129
14-02-23 11:47;241;-72;338;108;180;130
14-02-23 11:57;242;-70;339;106;178;131
14-02-23 12:07;243;-69;340;106;178;131
14-02-23 12:17;244;-68;341;105;176;133
14-02-23 12:27;244;-66;341;104;176;134
14-02-23 12:37;245;-65;342;104;176;134
14-02-23 12:47;246;-64;344;102;174;136
14-02-23 12:57;246;-63;344;102;174;137
14-02-23 13:07;247;-61;345;100;172;138
14-02-23 13:17;248;-60;346;99;172;139
14-02-23 13:27;248;-59;347;99;170;141
14-02-23 13:37;249;-58;347;98;170;141
14-02-23 13:47;249;-57;348;97;170;142
14-02-23 13:57;250;-56;349;96;168;143
14-02-23 14:07;251;-54;350;95;167;145
14-02-23 14:17;251;-54;351;94;166;146
14-02-23 14:27;252;-53;352;93;165;147
14-02-23 14:37;253;-52;353;92;164;148
14-02-23 14:47;253;-50;354;91;164;149
14-02-23 14:57;254;-49;355;90;162;150
14-02-23 15:07;254;-49;355;90;162;150
14-02-23 15:17;255;-48;356;89;162;151
14-02-23 15:27;255;-46;357;88;160;153
14-02-23 15:37;257;-45;358;86;158;154
14-02-23 15:47;257;-44;359;85;158;155
14-02-23 15:57;259;-42;360;84;156;157
14-02-23 16:07;259;-42;360;84;156;157
14-02-23 16:17;259;-41;361;83;155;158
14-02-23 16:27;260;-40;361;82;154;159
14-02-23 16:37;260;-39;362;81;154;160
14-02-23 16:47;261;-38;363;81;153;161
14-02-23 16:57;261;-37;364;79;152;162
14-02-23 17:07;262;-36;364;79;151;162
14-02-23 17:17;263;-35;365;78;150;163
14-02-23 17:27;263;-34;366;77;149;164
14-02-23 17:37;263;-33;367;75;148;165
14-02-23 17:47;264;-32;367;75;148;166
14-02-23 17:57;265;-31;368;74;147;166
14-02-23 18:07;265;-31;368;73;147;167
14-02-23 18:17;265;-30;369;72;146;168
14-02-23 18:27;266;-29;370;71;145;168
14-02-23 18:37;266;-28;370;71;144;169
14-02-23 18:47;267;-28;371;70;143;170
14-02-23 18:57;267;-27;371;69;143;170
14-02-23 19:07;267;-27;372;68;142;171
14-02-23 19:17;268;-26;373;67;141;172
14-02-23 19:27;268;-25;373;67;140;172
14-02-23 19:37;269;-25;374;66;140;173
14-02-23 19:47;269;-24;375;65;139;174
14-02-23 19:57;269;-23;375;64;139;174
14-02-23 20:07;270;-23;376;64;138;175
14-02-23 20:17;271;-22;376;63;137;175
14-02-23 20:27;271;-21;377;62;136;176
14-02-23 20:37;271;-21;378;61;136;177
14-02-23 20:47;271;-20;378;60;135;177
14-02-23 20:57;272;-19;378;60;134;178
14-02-23 21:07;273;-18;379;59;134;179
14-02-23 21:17;273;-18;379;58;133;179
14-02-23 21:27;273;-17;380;57;132;180
14-02-23 21:37;273;-16;381;57;131;181
14-02-23 21:47;274;-16;381;56;130;182
14-02-23 21:57;275;-15;382;55;130;182
14-02-23 22:07;275;-14;383;54;129;183
14-02-23 22:17;275;-13;383;53;128;184
14-02-23 22:27;275;-12;384;52;127;184
14-02-23 22:37;276;-11;384;51;126;185
14-02-23 22:47;277;-10;385;50;126;186
14-02-23 22:57;277;-10;386;50;125;186
14-02-23 23:07;277;-9;386;49;124;187
14-02-23 23:17;277;-8;387;48;123;188
14-02-23 23:27;278;-7;387;48;123;188
14-02-23 23:37;279;-6;388;47;122;189
14-02-23 23:47;279;-6;388;46;121;189
14-02-23 23:57;279;-5;389;45;120;190
15-02-23 00:07;279;-4;389;45;120;191
15-02-23 00:17;280;-3;390;44;119;191
15-02-23 00:27;281;-2;390;43;118;192
15-02-23 00:37;281;-1;391;43;118;193
15-02-23 00:47;281;-1;391;42;117;194
15-02-23 00:57;281;0;392;41;116;194
15-02-23 01:07;281;1;392;41;116;194
15-02-23 01:17;282;2;392;40;115;195
15-02-23 01:27;283;2;393;39;115;196
15-02-23 01:37;283;3;393;39;114;196
15-02-23 01:47;283;4;394;38;114;197
15-02-23 01:57;283;4;394;38;113;197
15-02-23 02:07;283;5;394;37;112;198
15-02-23 02:17;283;5;395;37;112;198
15-02-23 02:27;284;6;395;36;111;199
15-02-23 02:37;284;7;396;35;110;200
15-02-23 02:47;285;8;396;35;110;200
15-02-23 02:57;285;8;396;34;110;201
15-02-23 03:07;285;9;397;34;108;201
15-02-23 03:17;285;10;397;33;108;202
15-02-23 03:27;285;11;397;32;108;202
15-02-23 03:37;286;12;398;32;107;203
15-02-23 03:47;286;12;398;31;106;204
15-02-23 03:57;287;17;399;31;106;204
15-02-23 04:07;287;14;399;30;106;205
15-02-23 04:17;287;15;400;30;104;205
15-02-23 04:27;287;15;400;29;104;206
15-02-23 04:37;288;16;400;28;104;207
15-02-23 04:47;288;17;401;27;102;207
15-02-23 04:57;288;17;401;27;102;207
15-02-23 05:07;289;18;401;26;102;208
15-02-23 05:17;289;19;401;26;101;208
15-02-23 05:27;289;20;402;25;100;209
15-02-23 05:37;289;21;403;25;100;209
15-02-23 05:47;289;21;403;24;99;210
15-02-23 05:57;290;22;403;23;98;210
15-02-23 06:07;290;23;404;23;98;211
15-02-23 06:17;291;24;404;22;98;212
15-02-23 06:27;291;24;404;22;98;212
15-02-23 06:37;291;25;404;21;96;212
15-02-23 06:47;291;26;405;21;96;213
15-02-23 06:57;291;26;405;20;96;213
15-02-23 07:07;291;27;406;19;94;214
15-02-23 07:17;292;27;406;19;94;215
15-02-23 07:27;292;28;406;18;94;215
15-02-23 07:37;292;29;407;17;92;216
15-02-23 07:47;293;30;407;17;92;217
15-02-23 07:57;293;30;407;16;92;217
15-02-23 08:07;293;31;408;15;91;218
15-02-23 08:17;293;32;408;15;90;218
15-02-23 08:27;293;32;409;14;90;219
15-02-23 08:37;293;54;409;14;88;219
15-02-23 08:47;294;54;409;13;88;221
15-02-23 08:57;294;55;410;12;88;221
15-02-23 09:07;295;55;410;11;87;221
15-02-23 09:17;295;56;410;11;86;222
15-02-23 09:27;295;56;411;10;86;222
15-02-23 09:37;295;57;411;10;86;223
15-02-23 09:47;295;58;411;9;84;223
15-02-23 09:57;295;58;411;8;84;224
15-02-23 10:07;295;59;412;8;84;225
15-02-23 10:17;296;60;412;7;82;226
15-02-23 10:27;296;60;413;6;82;226
15-02-23 10:37;296;61;413;5;81;227
15-02-23 10:47;297;62;413;5;80;227
15-02-23 10:57;297;63;414;4;80;229
15-02-23 11:07;297;64;414;3;79;229
15-02-23 11:17;297;65;414;2;78;230
15-02-23 11:27;297;66;415;1;76;231
15-02-23 11:37;297;66;415;0;76;231
15-02-23 11:47;297;67;415;-1;76;232
15-02-23 11:57;297;67;415;-1;75;233
15-02-23 12:07;298;68;416;-3;74;234
15-02-23 12:17;299;69;417;-4;73;235
15-02-23 12:27;299;70;417;-5;72;236
15-02-23 12:37;299;71;418;-6;71;237
15-02-23 12:47;299;72;419;-7;69;238
15-02-23 12:57;300;72;419;-8;69;238
15-02-23 13:07;300;73;419;-9;68;239
15-02-23 13:17;300;74;420;-11;67;240
15-02-23 13:27;301;75;421;-12;65;241
15-02-23 13:37;301;75;421;-13;65;242
15-02-23 13:47;301;76;421;-13;64;242
15-02-23 13:57;301;77;422;-15;63;244
15-02-23 14:07;301;78;422;-16;62;244
15-02-23 14:17;301;78;422;-16;61;245
15-02-23 14:27;302;79;423;-17;60;246
15-02-23 14:37;302;80;423;-18;59;246
15-02-23 14:47;303;81;424;-20;58;247
15-02-23 14:57;303;82;424;-21;57;248
15-02-23 15:07;303;82;425;-21;56;248
15-02-23 15:17;303;83;425;-22;55;249
15-02-23 15:27;303;84;426;-24;54;250
15-02-23 15:37;303;85;426;-25;53;251
15-02-23 15:47;304;86;427;-22;51;252
15-02-23 15:57;304;87;427;-22;51;252
15-02-23 16:07;305;88;427;-23;50;253
15-02-23 16:17;305;88;428;-24;50;253
15-02-23 16:27;305;93;428;-25;49;254
15-02-23 16:37;305;94;429;-26;48;254
15-02-23 16:47;305;95;429;-26;47;255
15-02-23 16:57;305;96;429;-27;46;255
15-02-23 17:07;306;96;430;-28;45;256
15-02-23 17:17;306;98;430;-28;44;257
15-02-23 17:27;307;98;431;-29;44;257
15-02-23 17:37;307;99;431;-30;43;258
15-02-23 17:47;307;100;432;-31;42;258
15-02-23 17:57;307;101;432;-32;41;259
15-02-23 18:07;308;102;433;-33;40;260
15-02-23 18:17;308;103;433;-33;39;260
15-02-23 18:27;309;104;434;-34;39;261
15-02-23 18:37;309;104;434;-35;38;261
15-02-23 18:47;309;105;434;-35;38;262
15-02-23 18:57;309;106;434;-36;37;262
15-02-23 19:07;309;107;435;-36;36;262
15-02-23 19:17;309;107;435;-37;36;263
15-02-23 19:27;310;108;436;-37;35;263
15-02-23 19:37;310;109;436;-38;34;264
15-02-23 19:47;310;109;436;-39;33;264
15-02-23 19:57;310;110;437;-39;32;265
15-02-23 20:07;311;111;437;-40;32;266
15-02-23 20:17;311;112;437;-41;30;266
15-02-23 20:27;311;113;438;-42;30;266
15-02-23 20:37;312;114;438;-42;29;267
15-02-23 20:47;312;115;439;-43;28;267
15-02-23 20:57;312;116;439;-43;28;268
15-02-23 21:07;312;116;439;-44;27;268
15-02-23 21:17;312;122;440;-45;26;268
15-02-23 21:27;313;122;440;-45;26;269
15-02-23 21:37;313;123;440;-46;24;270
15-02-23 21:47;313;124;441;-47;24;270
15-02-23 21:57;313;125;441;-48;24;271
15-02-23 22:07;314;126;441;-49;22;271
15-02-23 22:17;314;127;442;-50;22;272
15-02-23 22:27;314;128;443;-50;20;273
15-02-23 22:37;315;129;443;-51;20;273
15-02-23 22:47;315;130;444;-52;19;274
15-02-23 22:57;315;130;444;-52;18;274
15-02-23 23:07;315;131;444;-53;18;274
15-02-23 23:17;315;132;444;-54;18;275
15-02-23 23:27;316;132;445;-54;16;275
15-02-23 23:37;316;134;445;-55;16;276
15-02-23 23:47;316;134;445;-55;16;276
15-02-23 23:57;316;134;446;-56;15;277
16-02-23 00:07;316;135;446;-57;14;277
16-02-23 00:17;317;136;446;-57;14;278
16-02-23 00:27;317;137;447;-58;12;278
16-02-23 00:37;317;138;447;-59;12;279
16-02-23 00:47;317;138;447;-59;12;279
16-02-23 00:57;317;139;447;-60;12;280
16-02-23 01:07;317;140;448;-60;11;280
16-02-23 01:17;318;140;448;-61;10;281
16-02-23 01:27;318;161;449;-61;10;281
16-02-23 01:37;318;162;449;-62;10;281
16-02-23 01:47;318;162;449;-63;10;282
16-02-23 01:57;318;163;449;-63;8;282
16-02-23 02:07;319;164;449;-64;8;282
16-02-23 02:17;319;164;450;-64;8;283
16-02-23 02:27;319;165;450;-61;7;283
16-02-23 02:37;319;166;450;-61;6;284
16-02-23 02:47;319;166;450;-62;6;284
16-02-23 02:57;319;167;451;-62;6;285
16-02-23 03:07;319;168;451;-63;5;285
16-02-23 03:17;320;168;451;-63;4;285
16-02-23 03:27;320;169;452;-64;4;286
16-02-23 03:37;320;170;452;-65;4;286
16-02-23 03:47;320;170;452;-65;2;286
16-02-23 03:57;320;171;452;-66;2;287
16-02-23 04:07;320;172;453;-66;2;287
16-02-23 04:17;321;172;453;-67;1;287
16-02-23 04:27;321;173;453;-67;0;288
16-02-23 04:37;321;174;453;-68;0;288
16-02-23 04:47;321;174;453;-69;-1;288
16-02-23 04:57;321;175;454;-69;-2;288
16-02-23 05:07;321;176;454;-70;-2;289
16-02-23 05:17;322;176;455;-70;-3;289
16-02-23 05:27;322;177;455;-71;-4;290
16-02-23 05:37;322;178;455;-71;-4;290
16-02-23 05:47;322;178;455;-72;-5;290
16-02-23 05:57;322;179;455;-73;-6;291
16-02-23 06:07;322;180;456;-73;-6;291
16-02-23 06:17;322;180;456;-74;-7;291
16-02-23 06:27;322;180;456;-74;-7;291
16-02-23 06:37;322;181;456;-74;-8;291
16-02-23 06:47;322;182;456;-75;-8;291
16-02-23 06:57;323;182;456;-75;-9;292
16-02-23 07:07;323;183;457;-76;-9;293
16-02-23 07:17;323;184;457;-77;-10;293
16-02-23 07:27;323;184;457;-77;-11;294
16-02-23 07:37;323;185;457;-82;-11;294
16-02-23 07:47;323;185;457;-83;-12;294
16-02-23 07:57;324;186;458;-83;-12;295
16-02-23 08:07;324;187;458;-84;-13;295
16-02-23 08:17;324;187;458;-85;-13;296
16-02-23 08:27;324;188;458;-85;-14;297
16-02-23 08:37;324;188;458;-86;-15;297
16-02-23 08:47;324;189;459;-87;-16;297
16-02-23 08:57;324;190;459;-88;-16;298
16-02-23 09:07;325;190;459;-88;-17;298
16-02-23 09:17;325;191;460;-89;-17;298
16-02-23 09:27;325;192;460;-89;-18;298
16-02-23 09:37;325;192;460;-90;-19;298
16-02-23 09:47;325;193;460;-90;-19;299
16-02-23 09:57;325;194;460;-91;-20;299
16-02-23 10:07;325;194;460;-92;-20;300
16-02-23 10:17;325;195;461;-92;-21;301
16-02-23 10:27;326;196;461;-93;-22;301
16-02-23 10:37;326;201;461;-94;-23;301
16-02-23 10:47;326;210;461;-95;-24;301
16-02-23 10:57;326;211;461;-96;-25;302
16-02-23 11:07;326;212;462;-97;-25;302
16-02-23 11:17;326;212;462;-97;-26;303
16-02-23 11:27;326;213;462;-98;-27;304
16-02-23 11:37;326;214;462;-99;-28;304
16-02-23 11:47;326;215;462;-100;-29;305
16-02-23 11:57;326;216;463;-101;-30;305
16-02-23 12:07;327;216;463;-102;-30;306
16-02-23 12:17;327;217;463;-102;-31;306
16-02-23 12:27;327;218;463;-103;-32;307
16-02-23 12:37;327;219;464;-104;-33;307
16-02-23 12:47;327;220;464;-105;-34;308
16-02-23 12:57;327;221;464;-106;-35;308
16-02-23 13:07;327;222;464;-107;-36;309
16-02-23 13:17;327;223;464;-107;-36;309
16-02-23 13:27;327;224;464;-108;-37;309
16-02-23 13:37;327;224;465;-109;-38;310
16-02-23 13:47;328;225;465;-110;-39;310
16-02-23 13:57;328;226;465;-111;-40;311
16-02-23 14:07;328;227;466;-111;-40;311
16-02-23 14:17;328;228;466;-112;-41;312
16-02-23 14:27;328;229;466;-113;-42;312
16-02-23 14:37;328;230;466;-113;-42;312
16-02-23 14:47;328;231;466;-114;-43;313
16-02-23 14:57;328;232;467;-115;-44;314
16-02-23 15:07;328;232;467;-115;-44;314
16-02-23 15:17;328;234;467;-116;-46;314
16-02-23 15:27;329;235;467;-117;-46;315
16-02-23 15:37;329;235;468;-117;-47;315
16-02-23 15:47;329;236;468;-117;-48;316
16-02-23 15:57;329;237;468;-118;-49;317
16-02-23 16:07;329;238;468;-119;-50;317
16-02-23 16:17;329;240;469;-120;-50;317
16-02-23 16:27;330;240;469;-120;-52;318
16-02-23 16:37;330;241;469;-121;-52;318
16-02-23 16:47;330;242;469;-122;-54;319
16-02-23 16:57;330;243;470;-122;-54;320
16-02-23 17:07;330;244;470;-123;-56;320
16-02-23 17:17;331;245;470;-124;-56;321
16-02-23 17:27;331;246;471;-124;-56;321
16-02-23 17:37;331;246;471;-125;-58;322
16-02-23 17:47;331;247;471;-126;-58;322
16-02-23 17:57;331;248;472;-126;-60;322
16-02-23 18:07;332;253;472;-127;-60;323
16-02-23 18:17;332;258;472;-128;-61;324
16-02-23 18:27;332;259;473;-128;-62;324
16-02-23 18:37;332;259;473;-129;-62;325
16-02-23 18:47;333;260;473;-130;-64;325
16-02-23 18:57;333;260;473;-130;-64;325
16-02-23 19:07;333;281;473;-130;-64;326
16-02-23 19:17;333;282;473;-131;-65;326
16-02-23 19:27;333;283;474;-131;-66;326
16-02-23 19:37;333;284;474;-132;-66;326
16-02-23 19:47;333;284;474;-133;-68;326
16-02-23 19:57;333;285;475;-133;-68;327
16-02-23 20:07;333;286;475;-134;-68;327
16-02-23 20:17;333;286;475;-134;-70;328
16-02-23 20:27;333;287;475;-135;-70;328
16-02-23 20:37;334;288;475;-136;-70;328
16-02-23 20:47;334;288;475;-136;-72;328
16-02-23 20:57;334;290;475;-137;-72;329
16-02-23 21:07;334;290;476;-137;-73;330
16-02-23 21:17;334;291;476;-138;-74;330
16-02-23 21:27;335;291;476;-139;-74;330
16-02-23 21:37;335;292;476;-139;-76;330
16-02-23 21:47;335;293;477;-140;-76;331
16-02-23 21:57;335;294;477;-141;-77;331
16-02-23 22:07;335;295;477;-141;-78;332
16-02-23 22:17;335;296;477;-142;-79;332
16-02-23 22:27;336;296;477;-143;-80;333
16-02-23 22:37;336;298;478;-144;-81;333
16-02-23 22:47;336;298;478;-145;-82;334
16-02-23 22:57;336;298;478;-145;-82;334
16-02-23 23:07;337;299;479;-146;-84;334
16-02-23 23:17;337;300;479;-147;-84;334
16-02-23 23:27;337;300;479;-147;-85;335
16-02-23 23:37;337;297;479;-148;-86;335
16-02-23 23:47;337;298;480;-149;-87;335
16-02-23 23:57;337;299;480;-150;-88;336
17-02-23 00:07;337;299;480;-151;-88;336
17-02-23 00:17;337;300;480;-151;-89;336
17-02-23 00:27;338;300;480;-152;-90;337
17-02-23 00:37;338;302;481;-153;-91;337
17-02-23 00:47;338;302;481;-153;-92;338
17-02-23 00:57;338;303;481;-154;-92;338
17-02-23 01:07;339;303;481;-155;-93;338
17-02-23 01:17;339;304;481;-155;-94;338
17-02-23 01:27;339;305;481;-156;-95;338
17-02-23 01:37;339;309;481;-157;-95;339
17-02-23 01:47;339;310;482;-157;-96;339
17-02-23 01:57;339;310;482;-158;-97;340
17-02-23 02:07;340;311;482;-159;-98;340
17-02-23 02:17;340;311;482;-159;-99;340
17-02-23 02:27;340;311;482;-159;-99;340
17-02-23 02:37;340;312;482;-160;-100;341
17-02-23 02:47;340;313;482;-161;-101;341
17-02-23 02:57;340;314;483;-161;-101;341
17-02-23 03:07;340;314;483;-166;-102;342
17-02-23 03:17;340;315;483;-167;-103;342
17-02-23 03:27;340;315;483;-167;-104;342
17-02-23 03:37;341;316;483;-168;-104;342
17-02-23 03:47;341;316;483;-168;-105;342
17-02-23 03:57;341;316;483;-169;-106;343
17-02-23 04:07;341;317;483;-170;-106;343
17-02-23 04:17;341;318;484;-170;-107;343
17-02-23 04:27;341;318;484;-171;-108;343
17-02-23 04:37;341;319;484;-172;-109;343
17-02-23 04:47;341;319;484;-172;-109;344
17-02-23 04:57;341;320;484;-173;-110;344
17-02-23 05:07;341;321;484;-174;-110;344
17-02-23 05:17;341;321;485;-174;-111;344
17-02-23 05:27;341;322;485;-175;-112;345
17-02-23 05:37;341;322;485;-176;-113;345
17-02-23 05:47;341;323;485;-176;-113;345
17-02-23 05:57;342;324;485;-177;-114;345
17-02-23 06:07;342;324;485;-178;-115;345
17-02-23 06:17;342;324;485;-178;-115;345
17-02-23 06:27;342;325;485;-178;-116;345
17-02-23 06:37;342;325;485;-179;-116;345
17-02-23 06:47;342;326;485;-179;-117;345
17-02-23 06:57;342;326;485;-180;-118;346
17-02-23 07:07;342;327;485;-181;-119;346
17-02-23 07:17;342;327;485;-182;-119;346
17-02-23 07:27;342;327;485;-182;-120;346
17-02-23 07:37;342;327;485;-183;-121;347
17-02-23 07:47;343;329;485;-183;-121;347
17-02-23 07:57;343;329;486;-184;-122;347
17-02-23 08:07;343;330;486;-185;-123;347
17-02-23 08:17;343;330;486;-185;-124;347
17-02-23 08:27;343;331;486;-185;-124;347
17-02-23 08:37;343;332;486;-186;-125;348
17-02-23 08:47;343;332;486;-187;-126;348
17-02-23 08:57;343;332;486;-187;-126;348
17-02-23 09:07;343;333;486;-188;-127;348
17-02-23 09:17;343;334;486;-188;-128;348
17-02-23 09:27;343;334;487;-189;-129;348
17-02-23 09:37;343;334;487;-189;-130;348
17-02-23 09:47;343;335;487;-190;-130;348
17-02-23 09:57;343;336;487;-190;-131;349
17-02-23 10:07;343;336;487;-191;-132;349
17-02-23 10:17;343;337;487;-191;-132;349
17-02-23 10:27;343;338;487;-192;-133;349
17-02-23 10:37;343;338;487;-192;-134;349
17-02-23 10:47;343;339;488;-192;-134;349
17-02-23 10:57;343;339;488;-193;-136;349
17-02-23 11:07;343;340;488;-194;-136;350
17-02-23 11:17;343;340;488;-194;-137;350
17-02-23 11:27;343;342;488;-195;-138;351
17-02-23 11:37;343;342;488;-195;-138;351
17-02-23 11:47;343;343;488;-196;-140;351
17-02-23 11:57;343;344;488;-197;-140;352
17-02-23 12:07;343;344;488;-197;-142;352
17-02-23 12:17;343;344;488;-198;-142;352
17-02-23 12:27;344;345;489;-199;-144;352
17-02-23 12:37;344;345;489;-200;-144;352
17-02-23 12:47;344;346;489;-200;-145;352
17-02-23 12:57;344;347;489;-201;-146;353
17-02-23 13:07;344;348;489;-201;-148;353
17-02-23 13:17;344;349;489;-202;-148;353
17-02-23 13:27;344;349;489;-202;-149;353
17-02-23 13:37;344;350;489;-203;-150;354
17-02-23 13:47;345;350;489;-204;-150;354
17-02-23 13:57;345;351;490;-204;-152;355
17-02-23 14:07;345;351;490;-205;-152;355
17-02-23 14:17;345;352;490;-206;-153;355
17-02-23 14:27;345;353;490;-206;-154;356
17-02-23 14:37;345;354;490;-207;-154;356
17-02-23 14:47;345;354;490;-208;-156;356
17-02-23 14:57;345;354;490;-208;-156;357
17-02-23 15:07;345;354;490;-209;-157;357
17-02-23 15:17;345;355;490;-210;-158;357
17-02-23 15:27;345;356;491;-210;-160;357
17-02-23 15:37;345;356;491;-211;-160;357
17-02-23 15:47;345;357;491;-212;-162;358
17-02-23 15:57;345;358;491;-213;-162;358
17-02-23 16:07;345;358;491;-214;-164;359
17-02-23 16:17;345;359;491;-215;-165;360
17-02-23 16:27;346;360;491;-216;-166;360
17-02-23 16:37;346;361;491;-216;-167;360
17-02-23 16:47;346;374;492;-217;-168;361
17-02-23 16:57;346;374;492;-214;-168;361
17-02-23 17:07;347;374;492;-215;-169;361
17-02-23 17:17;347;375;493;-215;-170;362
17-02-23 17:27;347;375;493;-216;-171;362
17-02-23 17:37;347;375;493;-216;-172;362
17-02-23 17:47;347;376;493;-217;-172;362
17-02-23 17:57;347;376;493;-217;-173;362
17-02-23 18:07;347;376;493;-218;-173;363
17-02-23 18:17;347;376;493;-218;-174;363
17-02-23 18:27;347;376;493;-219;-175;363
17-02-23 18:37;347;378;493;-219;-176;364
17-02-23 18:47;347;378;493;-219;-176;364
17-02-23 18:57;347;378;493;-220;-177;364
17-02-23 19:07;347;378;493;-221;-178;364
17-02-23 19:17;347;379;493;-221;-179;365
17-02-23 19:27;348;379;494;-222;-180;365
17-02-23 19:37;348;379;494;-223;-180;365
17-02-23 19:47;348;379;494;-223;-181;365
17-02-23 19:57;348;381;494;-224;-182;366
17-02-23 20:07;349;381;494;-224;-183;366
17-02-23 20:17;349;381;495;-225;-184;366
17-02-23 20:27;349;382;495;-225;-185;366
17-02-23 20:37;349;382;495;-226;-186;367
17-02-23 20:47;349;384;495;-227;-186;367
17-02-23 20:57;349;384;495;-227;-188;367
17-02-23 21:07;349;384;495;-227;-188;367
17-02-23 21:17;349;384;495;-228;-189;367
17-02-23 21:27;349;385;495;-229;-190;368
17-02-23 21:37;349;385;496;-229;-191;368
17-02-23 21:47;349;386;496;-230;-192;368
17-02-23 21:57;349;386;496;-231;-193;368
17-02-23 22:07;349;387;497;-231;-193;368
17-02-23 22:17;350;387;497;-232;-195;369
17-02-23 22:27;351;387;497;-233;-196;370
17-02-23 22:37;351;389;497;-233;-197;370
17-02-23 22:47;351;389;498;-234;-198;370
17-02-23 22:57;351;390;498;-235;-199;371
17-02-23 23:07;351;390;498;-235;-200;371
17-02-23 23:17;351;390;498;-236;-200;371
17-02-23 23:27;351;391;498;-236;-201;371
17-02-23 23:37;351;391;499;-237;-202;371
17-02-23 23:47;351;391;499;-238;-203;372
17-02-23 23:57;352;393;499;-238;-204;372
18-02-23 00:07;352;393;499;-239;-205;372
18-02-23 00:17;352;393;499;-240;-206;372
18-02-23 00:27;352;394;499;-240;-206;373
18-02-23 00:37;353;394;499;-241;-208;373
18-02-23 00:47;353;394;500;-241;-208;373
18-02-23 00:57;353;396;500;-242;-209;373
18-02-23 01:07;353;396;500;-243;-210;373
18-02-23 01:17;353;396;500;-243;-210;373
18-02-23 01:27;353;396;500;-244;-212;373
18-02-23 01:37;353;398;501;-244;-212;375
18-02-23 01:47;353;398;501;-245;-212;375
18-02-23 01:57;354;398;501;-245;-213;375
18-02-23 02:07;354;398;501;-246;-214;375
18-02-23 02:17;354;398;501;-246;-214;375
18-02-23 02:27;354;400;501;-247;-214;375
18-02-23 02:37;354;400;501;-248;-216;377
18-02-23 02:47;355;400;501;-248;-216;377
18-02-23 02:57;355;400;502;-248;-216;377
18-02-23 03:07;355;400;502;-249;-218;377
18-02-23 03:17;355;402;502;-249;-218;377
18-02-23 03:27;355;402;502;-250;-218;377
18-02-23 03:37;355;402;502;-250;-220;377
18-02-23 03:47;355;403;502;-251;-220;377
18-02-23 03:57;355;403;502;-251;-220;378
18-02-23 04:07;355;403;502;-251;-220;378
18-02-23 04:17;355;404;502;-252;-222;378
18-02-23 04:27;355;404;502;-252;-222;378
18-02-23 04:37;355;404;502;-253;-222;378
18-02-23 04:47;355;405;502;-253;-224;378
18-02-23 04:57;355;406;502;-254;-224;379
18-02-23 05:07;356;406;502;-255;-224;379
18-02-23 05:17;356;406;502;-255;-225;379
18-02-23 05:27;356;407;503;-255;-226;379
18-02-23 05:37;356;407;503;-256;-226;379
18-02-23 05:47;356;407;503;-256;-228;379
18-02-23 05:57;357;407;503;-257;-228;379
18-02-23 06:07;357;409;504;-257;-228;379
18-02-23 06:17;357;409;504;-258;-228;379
18-02-23 06:27;357;409;504;-258;-229;379
18-02-23 06:37;357;410;504;-258;-230;379
18-02-23 06:47;357;410;504;-259;-230;379
18-02-23 06:57;357;410;504;-259;-230;379
18-02-23 07:07;357;410;504;-260;-232;379
18-02-23 07:17;357;412;504;-261;-232;379
18-02-23 07:27;357;412;504;-261;-232;379
18-02-23 07:37;357;412;504;-261;-233;379
18-02-23 07:47;357;413;504;-262;-234;381
18-02-23 07:57;357;413;504;-263;-234;381
18-02-23 08:07;357;414;504;-263;-235;381
18-02-23 08:17;357;414;504;-263;-236;381
18-02-23 08:27;357;414;504;-264;-236;381
18-02-23 08:37;358;415;505;-265;-237;381
18-02-23 08:47;358;415;505;-266;-238;382
18-02-23 08:57;358;415;505;-266;-238;382
18-02-23 09:07;358;416;505;-267;-239;382
18-02-23 09:17;358;416;505;-267;-240;382
18-02-23 09:27;359;416;505;-268;-240;382
18-02-23 09:37;359;417;505;-268;-241;383
18-02-23 09:47;359;417;505;-269;-242;383
18-02-23 09:57;359;419;505;-269;-242;383
18-02-23 10:07;359;419;505;-270;-244;383
18-02-23 10:17;359;419;505;-270;-244;383
18-02-23 10:27;359;420;505;-271;-245;385
18-02-23 10:37;359;420;505;-272;-246;385
18-02-23 10:47;359;420;505;-272;-246;385
18-02-23 10:57;359;420;505;-272;-247;385
18-02-23 11:07;359;420;505;-273;-248;385
18-02-23 11:17;359;420;505;-273;-248;385
18-02-23 11:27;359;422;505;-274;-249;385
18-02-23 11:37;359;422;505;-275;-249;385
18-02-23 11:47;359;422;505;-276;-250;385
18-02-23 11:57;359;423;505;-276;-251;385
18-02-23 12:07;359;423;505;-277;-252;385
18-02-23 12:17;359;423;505;-278;-252;385
18-02-23 12:27;359;424;505;-278;-253;385
18-02-23 12:37;360;424;505;-279;-254;386
18-02-23 12:47;360;424;505;-280;-255;386
18-02-23 12:57;360;426;506;-280;-255;386
18-02-23 13:07;360;426;506;-281;-256;387
18-02-23 13:17;361;426;506;-282;-257;387
18-02-23 13:27;361;426;506;-283;-258;387
18-02-23 13:37;361;428;507;-283;-259;387
18-02-23 13:48;361;428;507;-284;-260;387
18-02-23 13:58;361;429;507;-284;-260;387
18-02-23 14:08;361;430;507;-285;-261;387
18-02-23 14:18;361;430;507;-285;-262;387
18-02-23 14:28;361;430;507;-282;-263;387
18-02-23 14:38;362;432;508;-282;-264;389
18-02-23 14:48;362;432;508;-283;-264;389
18-02-23 14:58;362;432;508;-284;-265;389
18-02-23 15:08;362;433;508;-285;-266;389
18-02-23 15:18;362;433;509;-285;-266;389
18-02-23 15:28;363;433;509;-286;-267;389
18-02-23 15:38;363;434;509;-286;-268;389
18-02-23 15:48;363;434;509;-287;-268;389
18-02-23 15:58;363;434;509;-287;-269;389
18-02-23 16:08;363;435;509;-288;-270;389
18-02-23 16:18;363;435;509;-288;-270;389
18-02-23 16:28;363;435;509;-289;-271;389
18-02-23 16:38;363;435;509;-289;-271;389
18-02-23 16:48;363;435;509;-290;-272;389
18-02-23 16:58;363;437;510;-290;-273;390
18-02-23 17:08;363;437;510;-291;-273;390
18-02-23 17:18;364;437;510;-291;-274;390
18-02-23 17:28;364;438;510;-292;-274;390
18-02-23 17:38;365;438;510;-293;-275;390
18-02-23 17:48;365;438;510;-293;-275;390
18-02-23 17:58;365;438;510;-293;-276;390
18-02-23 18:08;365;440;510;-294;-276;390
18-02-23 18:18;365;440;511;-294;-277;390
18-02-23 18:28;365;440;511;-294;-277;390
18-02-23 18:38;365;440;511;-295;-278;390
18-02-23 18:48;365;440;511;-295;-278;390
18-02-23 18:58;365;442;511;-295;-278;390
18-02-23 19:08;365;442;511;-296;-279;390
18-02-23 19:18;365;442;511;-296;-280;390
18-02-23 19:28;365;442;511;-297;-280;390
18-02-23 19:38;365;442;511;-297;-280;390
18-02-23 19:48;365;442;511;-298;-281;390
18-02-23 19:58;366;444;511;-299;-282;393
18-02-23 20:08;366;444;511;-299;-282;393
18-02-23 20:18;366;444;511;-299;-282;393
18-02-23 20:28;366;444;511;-300;-283;393
18-02-23 20:38;367;444;511;-301;-284;393
18-02-23 20:48;367;445;511;-301;-284;393
18-02-23 20:58;367;445;511;-301;-284;393
18-02-23 21:08;367;446;511;-302;-285;393
18-02-23 21:18;367;446;511;-302;-286;393
18-02-23 21:28;367;446;512;-303;-286;393
18-02-23 21:38;367;446;512;-303;-286;393
18-02-23 21:48;367;446;512;-304;-287;394
18-02-23 21:58;367;446;512;-305;-288;394
18-02-23 22:08;367;448;512;-305;-288;395
18-02-23 22:18;367;448;513;-307;-290;395
18-02-23 22:28;368;449;513;-307;-290;395
18-02-23 22:38;368;449;513;-308;-290;396
18-02-23 22:48;368;449;513;-308;-292;396
18-02-23 22:58;368;451;513;-309;-292;396
18-02-23 23:08;369;451;513;-310;-292;396
18-02-23 23:18;369;451;513;-311;-294;396
18-02-23 23:28;369;451;513;-311;-294;396
18-02-23 23:38;369;452;513;-312;-294;396
18-02-23 23:48;369;452;514;-313;-294;397
18-02-23 23:58;369;452;514;-313;-296;397
19-02-23 00:08;369;473;514;-314;-296;397
19-02-23 00:18;369;473;514;-315;-296;397
19-02-23 00:28;370;474;514;-315;-298;397
19-02-23 00:38;370;474;515;-316;-298;397
19-02-23 00:48;370;474;515;-316;-298;397
19-02-23 00:58;371;474;515;-317;-298;397
19-02-23 01:08;371;474;515;-318;-300;397
19-02-23 01:18;371;476;516;-318;-300;397
19-02-23 01:28;371;476;516;-319;-300;398
19-02-23 01:38;371;476;516;-319;-300;398
19-02-23 01:48;371;476;517;-320;-300;398
19-02-23 01:58;371;476;517;-320;-302;398
19-02-23 02:08;371;476;517;-321;-302;398
19-02-23 02:18;371;478;517;-322;-302;398
19-02-23 02:28;372;478;517;-322;-302;398
19-02-23 02:38;372;478;517;-322;-302;398
19-02-23 02:48;372;478;517;-323;-302;398
19-02-23 02:58;372;478;517;-324;-304;398
19-02-23 03:08;372;479;517;-324;-304;399
19-02-23 03:18;372;479;517;-325;-304;399
19-02-23 03:28;372;479;517;-325;-304;399
19-02-23 03:38;372;479;517;-325;-304;399
19-02-23 03:48;373;479;517;-326;-304;399
19-02-23 03:58;373;479;517;-327;-305;399
19-02-23 04:08;373;479;517;-327;-306;399
19-02-23 04:18;373;479;517;-328;-306;399
19-02-23 04:28;373;481;517;-328;-306;399
19-02-23 04:38;373;481;517;-328;-306;399
19-02-23 04:48;373;481;518;-328;-306;399
19-02-23 04:58;373;481;518;-329;-306;400
19-02-23 05:08;373;481;518;-330;-308;400
19-02-23 05:18;373;481;518;-330;-308;400
19-02-23 05:28;373;483;518;-330;-308;400
19-02-23 05:38;374;483;518;-330;-308;400
19-02-23 05:48;374;483;518;-331;-308;400
19-02-23 05:58;374;483;518;-331;-309;400
19-02-23 06:08;374;483;518;-331;-310;400
19-02-23 06:18;375;483;518;-332;-310;400
19-02-23 06:28;375;483;518;-332;-310;400
19-02-23 06:38;375;483;518;-332;-310;400
19-02-23 06:48;375;483;518;-332;-310;400
19-02-23 06:58;375;483;518;-332;-310;400
19-02-23 07:08;375;483;518;-332;-310;400
19-02-23 07:18;375;483;518;-333;-310;400
19-02-23 07:28;375;483;518;-333;-312;400
19-02-23 07:38;375;483;518;-334;-312;400
19-02-23 07:48;375;483;518;-334;-312;400
19-02-23 07:58;375;486;518;-335;-312;400
19-02-23 08:08;375;486;519;-335;-313;400
19-02-23 08:18;375;486;519;-335;-314;400
19-02-23 08:28;375;486;519;-336;-314;400
19-02-23 08:38;375;486;519;-337;-314;400
19-02-23 08:48;375;486;519;-338;-315;401
19-02-23 08:58;376;486;519;-338;-316;401
19-02-23 09:08;376;488;520;-338;-316;401
19-02-23 09:18;376;488;520;-339;-316;402
19-02-23 09:28;376;488;520;-340;-318;402
19-02-23 09:38;377;488;520;-340;-318;402
19-02-23 09:48;377;488;520;-340;-318;402
19-02-23 09:58;377;488;520;-341;-320;402
19-02-23 10:08;377;488;520;-342;-320;402
19-02-23 10:18;377;488;520;-342;-320;402
19-02-23 10:28;377;488;520;-343;-321;402
19-02-23 10:38;377;490;520;-343;-322;402
19-02-23 10:48;377;490;520;-343;-322;402
19-02-23 10:58;377;490;520;-344;-322;402
19-02-23 11:08;377;490;520;-344;-323;402
19-02-23 11:18;377;490;520;-345;-324;402
19-02-23 11:28;377;490;520;-346;-324;402
19-02-23 11:38;377;492;520;-346;-325;402
19-02-23 11:48;377;492;520;-346;-325;402
19-02-23 11:58;377;492;520;-347;-326;402
19-02-23 12:08;377;492;520;-348;-327;402
19-02-23 12:18;377;492;520;-348;-328;402
19-02-23 12:28;377;492;520;-349;-329;402
19-02-23 12:38;377;494;520;-350;-329;402
19-02-23 12:48;377;494;520;-351;-331;402
19-02-23 12:58;378;494;521;-352;-331;403
19-02-23 13:08;378;494;521;-353;-332;403
19-02-23 13:18;379;494;521;-353;-333;403
19-02-23 13:28;379;496;522;-354;-334;403
19-02-23 13:38;379;496;522;-354;-335;403
19-02-23 13:48;379;496;522;-355;-336;403
19-02-23 13:58;379;496;522;-356;-337;404
19-02-23 14:08;379;496;523;-356;-338;404
19-02-23 14:18;379;496;523;-357;-339;404
19-02-23 14:28;379;496;523;-358;-340;404
19-02-23 14:38;379;496;524;-359;-341;404
19-02-23 14:48;380;496;524;-359;-342;405
19-02-23 14:58;380;496;524;-360;-342;405
19-02-23 15:08;380;499;524;-361;-343;405
19-02-23 15:18;381;499;524;-361;-344;405
19-02-23 15:28;381;499;524;-362;-345;406
19-02-23 15:38;381;499;525;-362;-346;406
19-02-23 15:48;381;499;525;-363;-346;406
19-02-23 15:58;381;499;525;-364;-348;406
19-02-23 16:08;381;499;525;-364;-349;406
19-02-23 16:18;381;499;525;-365;-349;406
19-02-23 16:28;381;501;525;-366;-350;406
19-02-23 16:38;381;501;525;-366;-350;406
19-02-23 16:48;382;501;526;-367;-351;407
19-02-23 16:58;382;501;526;-367;-352;407
19-02-23 17:08;383;501;526;-368;-353;407
19-02-23 17:18;383;503;526;-369;-353;407
19-02-23 17:28;383;503;527;-369;-354;407
19-02-23 17:38;383;503;527;-370;-355;407
19-02-23 17:48;383;503;527;-370;-356;407
19-02-23 17:58;383;503;527;-371;-356;407
19-02-23 18:08;383;503;527;-371;-357;407
19-02-23 18:18;383;503;528;-372;-357;407
19-02-23 18:28;383;503;528;-372;-358;407
19-02-23 18:38;383;505;528;-372;-358;408
19-02-23 18:48;383;505;528;-373;-359;408
19-02-23 18:58;384;505;528;-373;-360;408
19-02-23 19:08;384;505;528;-374;-360;408
19-02-23 19:18;384;506;529;-375;-361;408
19-02-23 19:28;384;506;529;-375;-362;408
19-02-23 19:38;384;506;529;-376;-362;408
19-02-23 19:48;384;506;529;-376;-363;408
19-02-23 19:58;384;506;529;-377;-363;408
19-02-23 20:08;384;506;530;-377;-364;408
19-02-23 20:18;384;508;530;-378;-365;408
19-02-23 20:28;384;508;530;-378;-366;408
19-02-23 20:38;384;508;530;-379;-366;409
19-02-23 20:48;385;508;530;-379;-367;409
19-02-23 20:58;385;508;530;-379;-368;409
19-02-23 21:08;385;508;530;-380;-368;409
19-02-23 21:18;385;508;530;-381;-369;409
19-02-23 21:28;385;508;531;-381;-370;409
19-02-23 21:38;385;508;531;-382;-370;409
19-02-23 21:48;385;510;531;-382;-372;410
19-02-23 21:58;385;510;532;-383;-372;410
19-02-23 22:08;385;510;532;-384;-373;410
19-02-23 22:18;385;510;533;-385;-374;411
19-02-23 22:28;386;510;533;-385;-376;411
19-02-23 22:38;386;510;533;-386;-376;411
19-02-23 22:48;386;512;533;-387;-376;412
19-02-23 22:58;386;512;533;-387;-378;412
19-02-23 23:08;386;512;534;-388;-378;412
19-02-23 23:18;386;512;534;-389;-378;412
19-02-23 23:28;387;512;534;-389;-380;412
19-02-23 23:38;387;512;534;-390;-380;412
19-02-23 23:48;387;513;534;-391;-380;413
19-02-23 23:58;387;513;535;-391;-382;413
20-02-23 00:08;387;513;535;-392;-382;413
20-02-23 00:18;387;513;535;-393;-384;413
20-02-23 00:28;387;515;535;-393;-384;414
20-02-23 00:38;387;515;536;-394;-384;414
20-02-23 00:48;387;515;536;-394;-385;414
20-02-23 00:58;388;515;537;-395;-386;414
20-02-23 01:08;388;515;537;-395;-386;414
20-02-23 01:18;388;515;537;-396;-388;414
20-02-23 01:28;388;515;537;-397;-388;414
20-02-23 01:38;388;515;537;-397;-388;414
20-02-23 01:48;388;515;537;-397;-389;414
20-02-23 01:58;388;517;537;-398;-390;414
20-02-23 02:08;388;517;537;-399;-390;414
20-02-23 02:18;388;517;538;-399;-390;414
20-02-23 02:28;388;517;538;-400;-392;415
20-02-23 02:38;388;517;538;-400;-392;415
20-02-23 02:48;388;519;538;-401;-392;415
20-02-23 02:58;388;519;538;-402;-394;415
20-02-23 03:08;389;519;539;-402;-394;415
20-02-23 03:18;389;519;539;-403;-394;415
20-02-23 03:28;389;519;539;-403;-396;416
20-02-23 03:38;389;519;539;-404;-396;416
20-02-23 03:48;389;520;539;-404;-396;416
20-02-23 03:58;389;520;539;-405;-397;416
20-02-23 04:08;389;520;539;-405;-398;416
20-02-23 04:18;389;520;539;-406;-398;416
20-02-23 04:28;390;520;540;-406;-400;416
20-02-23 04:38;390;520;540;-407;-400;416
20-02-23 04:48;390;520;541;-408;-400;416
20-02-23 04:58;390;522;541;-408;-402;417
20-02-23 05:08;390;522;541;-409;-402;417
20-02-23 05:18;390;522;541;-409;-403;417
20-02-23 05:28;390;522;541;-410;-404;417
20-02-23 05:38;390;522;541;-411;-404;417
20-02-23 05:48;390;522;542;-411;-404;418
20-02-23 05:58;391;522;542;-411;-405;418
20-02-23 06:08;391;522;542;-412;-406;418
20-02-23 06:18;391;524;542;-412;-406;418
20-02-23 06:28;391;524;542;-412;-407;418
20-02-23 06:38;391;524;542;-412;-407;418
20-02-23 06:48;391;524;542;-412;-407;418
20-02-23 06:58;391;524;542;-413;-408;418
20-02-23 07:08;391;524;542;-413;-408;418
20-02-23 07:18;391;524;543;-414;-408;418
20-02-23 07:28;391;524;543;-414;-409;418
20-02-23 07:38;391;524;543;-415;-409;418
20-02-23 07:48;392;524;543;-415;-410;418
20-02-23 07:58;392;524;543;-416;-410;418
